"p_val","avg_log2FC","pct.1","pct.2","p_val_adj","gene","geneid"
1.64217512531e-06,5.32061116641537,0.097,0,0.0498318041775319,NA,"ENSG00000285875"
1.63860476833432e-06,5.18454961683934,0.097,0,0.0497234616951049,"MUC20-OT1","ENSG00000242086"
1.59184378987998e-06,3.81835125502446,0.121,0.014,0.048304499803908,"IRAK2","ENSG00000134070"
1.18524353578294e-06,1.98175267557813,0.213,0.073,0.0359662150933335,NA,"ENSG00000269028"
1.17210580722756e-06,1.59459587180971,0.333,0.178,0.0355675507203205,"SLC9A9","ENSG00000181804"
1.14207448737838e-06,6.11138320427737,0.099,0,0.034656250319497,"","ENSG00000253496"
1.13718765964252e-06,5.30611159672026,0.099,0,0.0345079595318524,NA,"ENSG00000205485"
1.10540792959817e-06,1.70269824389293,0.23,0.082,0.0335436036236565,"MIR100HG","ENSG00000255248"
1.00892868920172e-06,5.6935632643272,0.1,0,0.0306159410738262,"ZNF804A","ENSG00000170396"
9.1846184077712e-07,1.13294458258579,0.353,0.192,0.0278707245583817,"ABR","ENSG00000159842"
8.53386871697998e-07,2.13281974417955,0.359,0.219,0.0258960246216757,"FRMD4B","ENSG00000114541"
7.46972524012538e-07,2.08752143651918,0.203,0.064,0.0226668812411605,"CCL3L3","ENSG00000276085"
6.97811790788778e-07,6.09038290566482,0.103,0,0.0211750987914855,"MITA1","ENSG00000285744"
5.88592058273199e-07,2.06721445319882,0.26,0.11,0.0178608260083002,"COL14A1","ENSG00000187955"
5.69825587780352e-07,2.68457448109995,0.211,0.073,0.0172913574611948,"PDE4B","ENSG00000184588"
5.19778432427669e-07,2.08556052220798,0.237,0.087,0.0157726765320176,"RERG","ENSG00000134533"
5.14993670373299e-07,2.34513348554944,0.173,0.041,0.0156274829274777,"ZNF710","ENSG00000140548"
4.48454129714901e-07,3.1813753690442,0.161,0.032,0.0136083405661987,"VEGFC","ENSG00000150630"
3.53786933155625e-07,1.15171629357155,0.25,0.087,0.0107356644866075,"FARS2","ENSG00000145982"
3.3000721698179e-07,2.69315562739276,0.254,0.105,0.0100140689993124,"SLC8A1","ENSG00000183023"
2.94009204328095e-07,6.44493930141757,0.109,0,0.00892170930533604,"","ENSG00000280441"
2.75126043032253e-07,1.91731552067602,0.241,0.087,0.00834869977581372,"CD58","ENSG00000116815"
2.01415641626004e-07,1.23100647416244,0.715,0.744,0.00611195764514108,"GAPDH","ENSG00000111640"
1.80809513537663e-07,1.18675541968058,0.472,0.274,0.00548666468830038,"NDUFS5","ENSG00000168653"
1.6520822985996e-07,2.08928562030892,0.237,0.082,0.00501324373510049,"LYN","ENSG00000254087"
1.50136823845241e-07,1.44614204849923,0.248,0.082,0.00455590191958384,"ACYP2","ENSG00000170634"
1.34480256473835e-07,1.08818122236711,0.375,0.183,0.00408080338269852,"PGAM1","ENSG00000171314"
9.78331606007127e-08,4.43830620908513,0.126,0.005,0.00296874725842863,"TMEM51","ENSG00000171729"
8.01502798591282e-08,2.09101495230008,0.333,0.164,0.00243216024232525,"ITGB8","ENSG00000105855"
8.00336203197446e-08,2.271303526191,0.348,0.178,0.00242862020860265,"ITGBL1","ENSG00000198542"
5.45500192695667e-08,3.87751738200555,0.167,0.027,0.001655320334735,"SLC16A10","ENSG00000112394"
3.67452394153543e-08,2.21710659066151,0.255,0.091,0.00111503429005893,"RIN3","ENSG00000100599"
3.58837598018731e-08,1.30669438608019,0.293,0.11,0.00108889269118784,"BTBD9","ENSG00000183826"
3.37834665490816e-08,1.93548924504081,0.224,0.059,0.00102515929243188,"PRKG1","ENSG00000185532"
2.89131154470307e-08,2.88342052489798,0.217,0.059,0.000877368488240147,"PCSK6","ENSG00000140479"
1.67766784062428e-08,4.62628990965766,0.147,0.009,0.000509088306237439,"ADGRB3","ENSG00000135298"
1.64447621651829e-08,3.46791786519567,0.156,0.014,0.000499016307902475,"GPC5","ENSG00000179399"
1.61095073298912e-08,2.110191386745,0.248,0.078,0.000488842999925548,"ARHGAP22","ENSG00000128805"
1.41197219407092e-08,2.85666406665558,0.196,0.041,0.000428462962290819,"PTGDS","ENSG00000107317"
1.38964191245474e-08,1.1032448885872,0.61,0.479,0.000421686838334391,"ENO1","ENSG00000074800"
1.18855679156599e-08,2.65482433657114,0.268,0.1,0.000360667558400699,"PTPRJ","ENSG00000149177"
1.15803996010981e-08,1.8845120516087,0.211,0.046,0.000351407225895322,"SGCD","ENSG00000170624"
1.06347902901232e-08,1.06343025284263,0.41,0.196,0.00032271271135379,"COX7B","ENSG00000131174"
7.28206659888202e-09,1.22909605579261,0.483,0.26,0.000220974310943075,"SEC61G","ENSG00000132432"
6.95308990411491e-09,4.23134382831828,0.16,0.014,0.000210991513140367,"HIVEP3","ENSG00000127124"
5.58434570720774e-09,1.16672096342606,0.397,0.183,0.000169456970485219,"JTB","ENSG00000143543"
4.70955209148954e-09,3.51930593119861,0.305,0.132,0.00014291135821625,"ZNF385B","ENSG00000144331"
4.5029542524654e-09,2.19333050238155,0.255,0.078,0.000136642146791062,"FPR3","ENSG00000187474"
4.46674229421425e-09,2.38570619463726,0.173,0.018,0.000135543294917931,"LINC01239","ENSG00000234840"
3.65774184988863e-09,1.11154671026053,0.547,0.311,0.000110994176434871,"TPI1","ENSG00000111669"
2.43277605839627e-09,1.69677078201693,0.649,0.635,7.38225894920347e-05,"RPS17","ENSG00000182774"
2.04844799633994e-09,2.67173690187402,0.269,0.087,6.21601544489354e-05,"KCNMA1","ENSG00000156113"
1.87642924116988e-09,3.15600803619069,0.239,0.064,5.69402453233e-05,"LUCAT1","ENSG00000248323"
1.73391495998189e-09,2.05123359358172,0.337,0.146,5.26156494606504e-05,"MARCO","ENSG00000019169"
1.47971017764325e-09,1.31654150210632,0.308,0.1,4.49018053405843e-05,"FHIT","ENSG00000189283"
1.36756946921489e-09,3.55204357486334,0.195,0.027,4.14988955433259e-05,"SEMA5A","ENSG00000112902"
1.35631885843337e-09,1.02598028620277,0.536,0.297,4.11574957591608e-05,"RPS27L","ENSG00000185088"
9.89281498968064e-10,1.8205907492143,0.396,0.192,3.00197470861859e-05,"MAP3K8","ENSG00000107968"
9.04563319628286e-10,1.10017361670715,0.431,0.192,2.74489739341203e-05,"PLP2","ENSG00000102007"
8.23381360457658e-10,2.0604592691147,0.252,0.064,2.49855073830876e-05,"CCL4L2","ENSG00000276070"
8.02953803114992e-10,4.55173632429442,0.193,0.027,2.43656331555244e-05,"CXCL1","ENSG00000163739"
6.34639413039389e-10,5.47117084299075,0.161,0.005,1.92581329886803e-05,"CSN1S1","ENSG00000126545"
3.54644208411517e-10,3.9341428193333,0.189,0.018,1.07616785042475e-05,"ANK3","ENSG00000151150"
1.70524821444038e-10,3.40661845512164,0.224,0.037,5.17457570671932e-06,"SEMA3A","ENSG00000075213"
1.32340022710496e-10,1.17773908472245,0.439,0.196,4.01585798915e-06,"CAVIN3","ENSG00000170955"
1.293291117631e-10,1.02915802986836,0.519,0.265,3.92449189645128e-06,"CLIC4","ENSG00000169504"
9.80101704046859e-11,1.2579555585656,0.432,0.187,2.97411862093019e-06,"SERTAD1","ENSG00000197019"
8.30794692404490e-11,1.22721462996186,0.484,0.237,2.52104649410143e-06,"NDUFA1","ENSG00000125356"
8.09498083827254e-11,1.08803055712329,0.477,0.219,2.4564219353738e-06,"UQCRQ","ENSG00000164405"
7.59696520929386e-11,2.36020734076117,0.258,0.055,2.30529909276022e-06,"MTHFD1L","ENSG00000120254"
7.40600131183348e-11,3.82988473553998,0.205,0.023,2.24735109807587e-06,"PDE1A","ENSG00000115252"
5.38428932580164e-11,1.09364844406659,0.78,0.795,1.63386259591451e-06,"S100A10","ENSG00000197747"
5.30132649366322e-11,2.59356104111425,0.282,0.073,1.6086875245021e-06,"ZBTB7C","ENSG00000184828"
5.27266379460459e-11,1.62057214124752,0.359,0.128,1.59998982847276e-06,"PRDX4","ENSG00000123131"
4.82871017281958e-11,1.16115776848511,0.627,0.384,1.4652721019421e-06,"TXN","ENSG00000136810"
3.44530469722039e-11,1.29006210305576,0.486,0.242,1.04547771037153e-06,"NDUFB2","ENSG00000090266"
3.31218392363705e-11,2.66259691364399,0.29,0.078,1.00508221162766e-06,"TMEM196","ENSG00000173452"
2.61437123343004e-11,1.08143490043713,0.516,0.247,7.93330950784347e-07,"SEC61B","ENSG00000106803"
1.62701366119881e-11,1.1786739369319,0.511,0.247,4.9371729549078e-07,"TMEM258","ENSG00000134825"
1.18078758219461e-11,1.19514200258529,0.516,0.247,3.58309991816954e-07,"TUBB4B","ENSG00000188229"
6.80768008375533e-12,1.94058011696444,0.361,0.132,2.06579052141555e-07,"CXCL3","ENSG00000163734"
5.40153176166475e-12,2.19790237976436,0.352,0.123,1.63909481307717e-07,"ATG7","ENSG00000197548"
4.76922053860356e-12,1.80259890961884,0.649,0.566,1.44721997243925e-07,"RPL31","ENSG00000071082"
4.23485699699346e-12,3.51973380842897,0.256,0.046,1.28506735573767e-07,"IGKC","ENSG00000211592"
4.10567737309025e-12,1.20449260866885,0.455,0.192,1.24586779886424e-07,"REXO2","ENSG00000076043"
3.93690093979688e-12,1.26850664302444,0.448,0.187,1.19465259018136e-07,"TMED9","ENSG00000184840"
3.7644147367371e-12,1.37941252003156,0.444,0.187,1.14231165186287e-07,"TMED2","ENSG00000086598"
3.24288730605231e-12,1.78728297808885,0.38,0.132,9.84054153021575e-08,"CCL2","ENSG00000108691"
2.62634866359251e-12,1.96837839979993,0.355,0.119,7.96965501967147e-08,"CCL3","ENSG00000277632"
2.59907588965185e-12,3.62727250464942,0.268,0.055,7.88689578714854e-08,"CHST11","ENSG00000171310"
2.44932183671011e-12,1.38230271531023,0.742,0.731,7.43246711349682e-08,"TIMP1","ENSG00000102265"
1.87167738637108e-12,1.34866589712661,0.462,0.201,5.67960502894304e-08,"XBP1","ENSG00000100219"
6.58055142486073e-13,1.14639679388016,0.485,0.205,1.99686832987399e-08,"MORF4L2","ENSG00000123562"
4.56903628751062e-13,3.28341254846112,0.28,0.055,1.3864740614451e-08,"PIK3R5","ENSG00000141506"
2.59437166841033e-13,2.9418372111233,0.378,0.146,7.87262082779115e-09,"RBM47","ENSG00000163694"
2.05821994417836e-13,1.26719304956008,0.806,0.817,6.24566842060923e-09,"S100A4","ENSG00000196154"
1.53629146019983e-13,1.36001955097361,0.455,0.174,4.66187643597638e-09,"MYDGF","ENSG00000074842"
1.45600230255601e-13,1.62271513692776,0.336,0.073,4.4182389871062e-09,"SERPINE2","ENSG00000135919"
1.3329273874666e-13,1.09979891505167,0.54,0.256,4.04476815726739e-09,"CALU","ENSG00000128595"
1.07972421255775e-13,1.4552870635325,0.665,0.507,3.27642312300649e-09,"LDHA","ENSG00000134333"
9.01206216422147e-14,1.06569668558702,0.776,0.553,2.734710263733e-09,"EMP3","ENSG00000142227"
6.48606154683938e-14,1.41528786595381,0.512,0.224,1.96819537638841e-09,"AK1","ENSG00000106992"
3.82480414614321e-14,1.07865844824861,0.613,0.311,1.16063681814716e-09,"PDIA3","ENSG00000167004"
2.59332658460267e-14,2.44358808371002,0.38,0.114,7.86944952097681e-10,"SIPA1L1","ENSG00000197555"
8.87343974302689e-15,1.37419220662022,0.548,0.237,2.69264529002151e-10,"UBL5","ENSG00000198258"
7.05346501164757e-15,1.42299838439486,0.616,0.32,2.14037395778445e-10,"CD55","ENSG00000196352"
5.49814935380638e-15,2.48839725710135,0.411,0.146,1.66841342141255e-10,"LDLRAD4","ENSG00000168675"
5.47926362605605e-15,1.686432890543,0.485,0.187,1.66268254732671e-10,"HMOX1","ENSG00000100292"
2.23221787429052e-15,1.49788640165126,0.542,0.233,6.77366513953457e-11,"CXCL2","ENSG00000081041"
8.24565061293027e-16,1.24604802109592,0.611,0.283,2.50214267849369e-11,"HSPA8","ENSG00000109971"
6.96837559992586e-16,1.47152207732989,0.548,0.242,2.1145535757975e-11,"MICOS10","ENSG00000173436"
3.31668749281048e-16,1.79369167323502,0.509,0.215,1.00644881969334e-11,"NBL1","ENSG00000158747"
2.18428712950191e-16,1.12093136962257,0.676,0.333,6.62821929447355e-12,"RAB7A","ENSG00000075785"
1.91388099329158e-16,1.38641322481112,0.611,0.269,5.80767187414329e-12,"XYLT1","ENSG00000103489"
6.24850088237194e-17,1.0823082265761,0.455,0.128,1.89610759275577e-12,"GPRC5A","ENSG00000013588"
4.39846249341073e-17,1.65097834170722,0.521,0.196,1.33471344362548e-12,"ISLR","ENSG00000129009"
1.7275522421056e-17,2.98418350183289,0.372,0.078,5.24225727866943e-13,"FMOD","ENSG00000122176"
1.66725837423656e-17,1.96953672586849,0.552,0.265,5.05929553662086e-13,"SPARC","ENSG00000113140"
1.01723313841616e-17,2.70189453891916,0.331,0.041,3.08679395852385e-13,"PRKCA","ENSG00000154229"
4.17493685573353e-18,1.18329083040499,0.897,0.562,1.26688458887234e-13,"CD44","ENSG00000026508"
2.41348753612745e-18,1.83880068465337,0.505,0.174,7.32372792837873e-14,"PPDPF","ENSG00000125534"
2.23457916439196e-18,1.21533912331531,0.635,0.26,6.78083047434739e-14,"ABL2","ENSG00000143322"
1.68453868769838e-18,1.50636270554538,0.495,0.164,5.11173264782074e-14,"COMP","ENSG00000105664"
5.69084526042583e-19,2.02176668464105,0.519,0.183,1.72688699427622e-14,"GEM","ENSG00000164949"
1.22027713416369e-19,1.7859430466048,0.559,0.224,3.70293096361971e-15,"CXCL8","ENSG00000169429"
4.80314323588069e-20,2.10929687702891,0.461,0.123,1.45751381492799e-15,"PPIC","ENSG00000168938"
3.13144987012025e-20,1.66780954297368,0.609,0.251,9.50238463087989e-16,"TGFBI","ENSG00000120708"
7.56063858897353e-21,1.72419597155796,0.588,0.215,2.29427577982402e-16,"ID2","ENSG00000115738"
2.57011330362449e-21,2.42494782623011,0.436,0.091,7.79900881984851e-17,"PFKP","ENSG00000067057"
1.30399783407633e-21,1.95944790824491,0.514,0.151,3.95698142750462e-17,"UGDH","ENSG00000109814"
3.74548210184678e-22,3.7089537990288,0.37,0.037,1.13656654380541e-17,"OGN","ENSG00000106809"
2.62174464335214e-22,1.35542522075718,0.674,0.279,7.95568412025208e-18,"PEAK1","ENSG00000173517"
2.3306874135958e-22,1.734274015718,0.578,0.192,7.07247095655645e-18,"ANGPTL2","ENSG00000136859"
1.19032302654227e-22,3.84166190331633,0.361,0.023,3.61203522404251e-18,"TNFRSF12A","ENSG00000006327"
6.76152069058531e-23,2.37322579257879,0.528,0.169,2.05178345355811e-18,"VKORC1","ENSG00000167397"
3.13724949288621e-23,1.80351211892659,0.47,0.082,9.51998358616322e-19,"","ENSG00000286533"
9.95360699144637e-24,1.11703772472261,0.774,0.374,3.0204220415544e-19,"CAPZB","ENSG00000077549"
1.51018591301332e-25,2.02111007083125,0.747,0.306,4.58265915303893e-21,"SOX5","ENSG00000134532"
1.44204688125238e-25,1.89676835714772,0.705,0.411,4.37589126116034e-21,"IER3","ENSG00000137331"
5.32328508250971e-26,1.21583811332547,0.785,0.32,1.61535085828757e-21,"CAMK1D","ENSG00000183049"
4.06649758770887e-26,1.53397041322498,0.711,0.342,1.23397869299026e-21,"PKM","ENSG00000067225"
2.20508653560599e-26,1.87969503531092,0.558,0.137,6.69133509229638e-22,"RABGEF1","ENSG00000154710"
2.12417953396568e-26,2.1326692549557,0.557,0.146,6.44582279581887e-22,"CCN2","ENSG00000118523"
3.93268184151778e-27,2.32225901929685,0.518,0.1,1.19337230480857e-22,"PRSS23","ENSG00000150687"
1.04052181272009e-27,1.49993486585993,0.7,0.224,3.15746344069912e-23,"EXT1","ENSG00000182197"
6.94057344809087e-28,1.72756393556253,0.577,0.137,2.10611701282317e-23,"ZNF385D","ENSG00000151789"
6.72113097387058e-28,1.23956433512325,0.75,0.297,2.03952719402103e-23,"CREB5","ENSG00000146592"
1.72459339863789e-28,3.63220853768738,0.51,0.114,5.23327866816667e-24,"ASPN","ENSG00000106819"
4.11926289106456e-29,1.70466097321053,0.63,0.183,1.24999032429354e-24,"GFPT2","ENSG00000131459"
3.61478935852965e-29,2.07555643298961,0.644,0.21,1.09690783084582e-24,"PCOLCE","ENSG00000106333"
1.49812395616686e-29,4.25544215193532,0.471,0.059,4.54605714498834e-25,"NDUFA4L2","ENSG00000185633"
2.50285776588585e-30,5.28161703479951,0.434,0.018,7.5949218905806e-26,"INHBA","ENSG00000122641"
6.99880640277062e-31,2.36202631823286,0.579,0.155,2.12378780292074e-26,"TNFAIP6","ENSG00000123610"
3.80515404568684e-31,3.21148418191609,0.722,0.507,1.15467399516367e-26,"LUM","ENSG00000139329"
2.60415455713968e-31,3.35743610675434,0.562,0.146,7.90230700364036e-27,"COL1A1","ENSG00000108821"
2.96755222635444e-32,3.48851956603626,0.56,0.105,9.00503723087255e-28,"NFKB1","ENSG00000109320"
2.77059778036534e-32,3.82557817998126,0.497,0.05,8.40737896451862e-28,"DPT","ENSG00000143196"
1.88841224427754e-32,1.68301396711233,0.767,0.283,5.73038695526021e-28,"CUX1","ENSG00000257923"
7.21490240945599e-35,2.1935197703439,0.682,0.183,2.18936213614942e-30,"SEMA3C","ENSG00000075223"
3.29673447426579e-35,4.6670615804368,0.484,0.023,1.00039407621595e-30,"LINC01619","ENSG00000257242"
2.78647963958005e-35,2.2530755504615,0.821,0.457,8.45557246630567e-31,"HTRA1","ENSG00000166033"
1.06490393253825e-36,3.28677939955952,0.746,0.539,3.23145098328731e-32,"CRIP1","ENSG00000213145"
3.79312405456989e-38,2.42958589251018,0.653,0.132,1.15102349435923e-33,"ERRFI1","ENSG00000116285"
1.27304547942e-38,3.89592349710281,0.576,0.087,3.86305650729999e-34,"BGN","ENSG00000182492"
4.15357711628636e-39,2.0984562062005,0.725,0.196,1.2604029759371e-34,"ANKH","ENSG00000154122"
1.04449214701447e-40,5.06735388219311,0.546,0.037,3.16951142011541e-36,"TPPP3","ENSG00000159713"
3.98768546297481e-41,1.8176175124805,0.795,0.256,1.21006315373971e-36,"ZSWIM6","ENSG00000130449"
5.94229703845264e-42,2.78597621925264,0.665,0.119,1.80319003631845e-37,"PDE4D","ENSG00000113448"
5.4286128254743e-42,1.78890448966414,0.828,0.301,1.64731256189018e-37,"CRTAC1","ENSG00000095713"
1.53802054483704e-42,2.15031428842998,0.743,0.219,4.667123343308e-38,"CCDC80","ENSG00000091986"
3.19245014504921e-43,2.08072517201665,0.869,0.475,9.68748996515184e-39,"COL1A2","ENSG00000164692"
3.22032692139266e-44,2.70631018485334,0.908,0.653,9.77208204296603e-40,"CLU","ENSG00000120885"
1.58964815704763e-48,3.36853726178419,0.755,0.251,4.82378733256104e-44,"COL3A1","ENSG00000168542"
3.74535807732478e-50,3.10828779420531,0.802,0.219,1.1365289085642e-45,"PSD3","ENSG00000156011"
8.53450845388768e-58,1.77601340666734,0.984,0.685,2.58979659033222e-53,"FN1","ENSG00000115414"
8.82666478354969e-60,7.75290250466315,0.661,0.005,2.67845142856815e-55,"TNC","ENSG00000041982"
4.38640528549884e-75,8.67534540638598,0.747,0,1.33105468388462e-70,"XIST","ENSG00000229807"
1.62753289197255e-06,-1.43016022727587,0.056,0.146,0.049387485606907,"RRAGC","ENSG00000116954"
1.62161607178907e-06,-1.53474912855307,0.042,0.123,0.0492079396984392,"SRSF8","ENSG00000263465"
1.61033394310818e-06,-2.32324502335935,0.005,0.041,0.0488655835036177,"AGAP2-AS1","ENSG00000255737"
1.60007109531905e-06,-1.26503040941406,0.115,0.233,0.0485541573874565,"PIK3C2A","ENSG00000011405"
1.59344698228747e-06,-1.24707334287395,0.072,0.174,0.0483531486775132,"CD36","ENSG00000135218"
1.55848024537405e-06,-2.96067494397464,0.005,0.041,0.0472920830458756,"RASIP1","ENSG00000105538"
1.5455996086983e-06,-1.17781458383779,0.041,0.123,0.0469012201259498,"ANGPTL5","ENSG00000187151"
1.53718768578776e-06,-2.90820752408051,0.005,0.041,0.0466459603252295,"NOVA2","ENSG00000104967"
1.51584329800449e-06,-1.34342290529698,0.049,0.137,0.0459982648779462,"TNFSF12","ENSG00000239697"
1.49235786049749e-06,-1.09673649355067,0.08,0.187,0.0452855992767964,"PPP1R2","ENSG00000184203"
1.4794337536412e-06,-1.49317002480167,0.018,0.078,0.0448934172542423,"SLC25A38","ENSG00000144659"
1.46804695544001e-06,-1.53474912855306,0.025,0.091,0.044547884862827,"FHIP2A","ENSG00000151553"
1.44041436139787e-06,-1.50221516440467,0.036,0.114,0.0437093737966185,"SNX21","ENSG00000124104"
1.43089986030721e-06,-1.04313710416662,0.101,0.219,0.0434206562610222,"SRSF6","ENSG00000124193"
1.4228090084267e-06,-1.30334546592165,0.049,0.137,0.0431751393607081,"TRABD","ENSG00000170638"
1.41944668057611e-06,-1.28671914733424,0.055,0.146,0.0430731095220821,"CYC1","ENSG00000179091"
1.39670558345507e-06,-2.98621003608178,0.009,0.055,0.0423830309299442,"SH3BGRL2","ENSG00000198478"
1.39180058559789e-06,-1.18952066363261,0.32,0.466,0.0422341887699678,"MYCBP2","ENSG00000005810"
1.35643434325264e-06,-1.40341537204334,0.049,0.137,0.0411610001460014,"A4GALT","ENSG00000128274"
1.35144941885059e-06,-1.1329138112552,0.062,0.16,0.0410097326150212,"MED10","ENSG00000133398"
1.35083066644714e-06,-1.60703798935994,0.029,0.1,0.0409909565733385,"CEP44","ENSG00000164118"
1.34496305788927e-06,-1.03373840616437,0.077,0.183,0.0408129039916499,"CTDNEP1","ENSG00000175826"
1.31974909240111e-06,-1.04267595823305,0.174,0.315,0.0400477862089116,"AIF1","ENSG00000204472"
1.30294295533555e-06,-1.21472056658118,0.038,0.119,0.0395378039796573,"EXOSC8","ENSG00000120699"
1.30134690181076e-06,-1.21789202321312,0.041,0.123,0.0394893717354476,"MRPL40","ENSG00000185608"
1.29833958432213e-06,-1.44060197399751,0.044,0.128,0.0393981146862549,"COA8","ENSG00000256053"
1.29563502273702e-06,-2.21632981944284,0.007,0.05,0.0393160447649548,"HOXB2","ENSG00000173917"
1.26013759509269e-06,-2.07170625636339,0.018,0.078,0.0382388753230878,"SLCO4A1","ENSG00000101187"
1.24734139909932e-06,-2.22370934980844,0.007,0.05,0.0378505747556687,"RBM38","ENSG00000132819"
1.24021221497563e-06,-1.0862058260585,0.077,0.183,0.0376342396634353,"NME3","ENSG00000103024"
1.21505162562113e-06,-2.43016022727587,0.007,0.05,0.0368707415794731,"LSR","ENSG00000105699"
1.19595341244564e-06,-2.1920004900811,0.018,0.078,0.0362912063006631,"ITPKC","ENSG00000086544"
1.1869837455934e-06,-2.7382825226382,0.007,0.05,0.0360190217600317,"MEX3D","ENSG00000181588"
1.17197523282119e-06,-1.29153616363201,0.054,0.146,0.0355635884399589,"WDR74","ENSG00000133316"
1.16978459531465e-06,-1.62809960488777,0.02,0.082,0.0354971135448232,"TMEM199","ENSG00000244045"
1.15886920072538e-06,-1.29939828140499,0.038,0.119,0.0351658858960116,"IMP4","ENSG00000136718"
1.13170302620121e-06,-1.46909588982281,0.031,0.105,0.0343415283300758,"MAT2B","ENSG00000038274"
1.11724134461073e-06,-1.01338976077257,0.073,0.178,0.0339026886022127,"CARHSP1","ENSG00000153048"
1.08481231150355e-06,-1.62580779337978,0.041,0.123,0.0329186295925752,"TAF10","ENSG00000166337"
1.07402442874008e-06,-1.69247883302507,0.034,0.11,0.0325912712901178,"FLOT2","ENSG00000132589"
1.07252475259038e-06,-1.40897489738524,0.031,0.105,0.032545763617355,"TIMM10","ENSG00000134809"
1.0723300563234e-06,-1.99066968427248,0.02,0.082,0.0325398555591334,"FAM184A","ENSG00000111879"
1.0632060788301e-06,-1.47008641168862,0.038,0.119,0.0322629884620995,"FAM210B","ENSG00000124098"
1.05825471158443e-06,-3.32324502335935,0.007,0.05,0.0321127392230295,"HES4","ENSG00000188290"
1.05211428782779e-06,-1.08223692385556,0.024,0.091,0.0319264080641342,"ZFY","ENSG00000067646"
1.04511622553923e-06,-1.27013368689979,0.059,0.155,0.0317140518639879,"FAM120AOS","ENSG00000188938"
1.02396158241461e-06,-2.42377189931332,0.057,0.146,0.0310721142183715,"FILIP1","ENSG00000118407"
1.00773970335517e-06,-1.24524251135808,0.048,0.137,0.0305798612983127,"C1orf52","ENSG00000162642"
9.99322842728665e-07,-1.50184232681612,0.094,0.205,0.0303244516626014,"TASOR","ENSG00000163946"
9.96143427884238e-07,-2.16570374637287,0.02,0.082,0.0302279723191472,"NFATC4","ENSG00000100968"
9.28954617269771e-07,-1.06197971037862,0.107,0.228,0.0281891278610512,"REX1BD","ENSG00000006015"
9.15742982813283e-07,-1.20460052686073,0.037,0.119,0.0277882208134691,"SPON2","ENSG00000159674"
9.06855041987031e-07,-1.66428194119442,0.041,0.123,0.0275185162490964,"CDKN2AIP","ENSG00000168564"
9.06740644261776e-07,-3.7382825226382,0.001,0.027,0.0275150448501236,"CD1D","ENSG00000158473"
9.06740644261776e-07,-3.7382825226382,0.001,0.027,0.0275150448501236,"SRRM2-AS1","ENSG00000205913"
9.03190219947194e-07,-3.90820752408051,0.001,0.027,0.0274073072242976,"ANXA3","ENSG00000138772"
8.89066403437885e-07,-4.13059994541696,0.001,0.027,0.0269787200123226,"ST7-AS1","ENSG00000227199"
8.89057141930886e-07,-4.64517311824671,0.001,0.027,0.0269784389718927,"","ENSG00000287862"
8.8868805164812e-07,-1.19548947616098,0.033,0.11,0.0269672389272622,"PFDN4","ENSG00000101132"
8.85499615949488e-07,-4.49317002480167,0.001,0.027,0.0268704858459872,"GPR4","ENSG00000177464"
8.82038524180959e-07,-4.64517311824672,0.001,0.027,0.0267654590162712,"LHX6","ENSG00000106852"
8.82038524180959e-07,-4.78267664199665,0.001,0.027,0.0267654590162712,"CD300LG","ENSG00000161649"
8.78581308708218e-07,-5.23013561896787,0.001,0.027,0.0266605498127509,"CPXM1","ENSG00000088882"
8.75122545473779e-07,-4.90820752408051,0.001,0.027,0.0265555936424018,"ABCA9-AS1","ENSG00000231749"
8.73233991812366e-07,-2.16570374637287,0.022,0.087,0.0264982854815463,"ANXA2R-AS1","ENSG00000215068"
8.27290246899083e-07,-1.2659118482934,0.053,0.146,0.0251041225421527,"SLC2A4RG","ENSG00000125520"
8.24903925923677e-07,-3.32324502335935,0.002,0.032,0.025031709632154,"TRARG1","ENSG00000184811"
8.21521681010981e-07,-1.59887946597278,0.028,0.1,0.0249290754102782,"ORAI3","ENSG00000175938"
8.16223322814408e-07,-3.00131692847199,0.002,0.032,0.0247682967308032,"GOLPH3-DT","ENSG00000272086"
8.06583885063867e-07,-1.95127624597239,0.014,0.068,0.024475787992263,"PGGHG","ENSG00000142102"
8.03176273298322e-07,-1.43741604327866,0.057,0.151,0.0243723840132376,"POLE4","ENSG00000115350"
8.02144842542172e-07,-4.23013561896787,0.002,0.032,0.0243410852469422,"CSF3","ENSG00000108342"
7.96601118038343e-07,-3.7382825226382,0.002,0.032,0.0241728609268735,"F12","ENSG00000131187"
7.96601118038343e-07,-3.7382825226382,0.002,0.032,0.0241728609268735,"","ENSG00000227540"
7.94068268791037e-07,-1.07708443608996,0.067,0.169,0.024096001616464,"HSD17B12","ENSG00000149084"
7.90938894980386e-07,-3.90820752408051,0.002,0.032,0.0240010407681798,"REEP2","ENSG00000132563"
7.90938894980386e-07,-3.90820752408051,0.002,0.032,0.0240010407681798,"SYT15","ENSG00000204176"
7.90938894980386e-07,-3.90820752408051,0.002,0.032,0.0240010407681798,"GPRC5B","ENSG00000167191"
7.66576131987423e-07,-1.2289176408112,0.05,0.142,0.0232617527251583,"NUDT5","ENSG00000165609"
7.61915104087789e-07,-2.78267664199665,0.005,0.046,0.023120313833544,"YDJC","ENSG00000161179"
7.55570133699644e-07,-2.06021061752556,0.014,0.068,0.0229277757071157,"NOTCH3","ENSG00000074181"
7.4968717640271e-07,-1.72763527843869,0.048,0.137,0.0227492573679402,"EFHC1","ENSG00000096093"
7.4806158559849e-07,-3.23013561896787,0.005,0.046,0.0226999288149862,"MOSPD1","ENSG00000101928"
7.41418413643321e-07,-1.18574149960942,0.047,0.137,0.0224983417620066,"TMEM70","ENSG00000175606"
7.37289628484891e-07,-1.65339362505168,0.024,0.091,0.022373053776374,"MRFAP1L1","ENSG00000178988"
7.34375015262735e-07,-1.32324502335935,0.079,0.187,0.0222846098381477,"CREG1","ENSG00000143162"
7.30442951335119e-07,-3.10085260202291,0.005,0.046,0.0221652913582642,"COA6-AS1","ENSG00000231663"
7.29597380349691e-07,-1.77892450713554,0.024,0.091,0.0221396325067114,"RNF141","ENSG00000110315"
7.13132751191206e-07,-1.32324502335935,0.086,0.196,0.0216400133348972,"USP22","ENSG00000124422"
7.08850389815877e-07,-1.59741998679835,0.024,0.091,0.0215100650789628,"SLC44A2","ENSG00000129353"
7.03386236848616e-07,-1.76865617168172,0.033,0.11,0.0213442553571713,"ZNF358","ENSG00000198816"
6.87902123980171e-07,-1.80241286005791,0.024,0.091,0.0208743899521783,"RTN2","ENSG00000125744"
6.78352344749362e-07,-1.37982855172572,0.03,0.105,0.0205846019014194,"TRAPPC4","ENSG00000196655"
6.50675879955509e-07,-1.94884950857785,0.024,0.091,0.0197447595772499,"MSX1","ENSG00000163132"
6.45059487775974e-07,-1.45197833748156,0.05,0.142,0.0195743301565619,"MXI1","ENSG00000119950"
6.40063525688852e-07,-1.58627942919315,0.03,0.105,0.0194227276870282,"CFL2","ENSG00000165410"
6.3983660138219e-07,-1.44455131958149,0.035,0.114,0.0194158416689426,"CD93","ENSG00000125810"
6.34160887055115e-07,-1.7382825226382,0.033,0.11,0.0192436121176875,"PDCD2","ENSG00000071994"
6.3392323230745e-07,-2.64517311824672,0.01,0.059,0.0192364004843696,"CSTF2T","ENSG00000177613"
6.22739244392424e-07,-1.0165836851253,0.087,0.201,0.0188970223710881,"LSM8","ENSG00000128534"
6.19827496719022e-07,-1.21632981944284,0.093,0.21,0.0188086653879387,"HLA-DMB","ENSG00000242574"
6.12764585217914e-07,-1.41635442775083,0.045,0.132,0.0185943413384376,"CLN5","ENSG00000102805"
5.98418900544795e-07,-1.62280530521826,0.026,0.096,0.0181590215370318,"CAMK2N1","ENSG00000162545"
5.96096109837574e-07,-1.13882045222193,0.049,0.142,0.0180885364530212,"TMX1","ENSG00000139921"
5.90940468450285e-07,-1.0494842109325,0.105,0.228,0.0179320885151239,"TIAL1","ENSG00000151923"
5.88557188850464e-07,-1.31402649332997,0.093,0.21,0.0178597678956673,"PLSCR4","ENSG00000114698"
5.8497825072661e-07,-2.1920004900811,0.017,0.078,0.017751165018299,"L3HYPDH","ENSG00000126790"
5.84315176658759e-07,-1.10565358828673,0.06,0.16,0.01773104403571,"SNRPD3","ENSG00000100028"
5.79988701421487e-07,-1.24524251135808,0.075,0.183,0.017599757144635,"SRM","ENSG00000116649"
5.73811712185967e-07,-1.04060605958605,0.099,0.219,0.0174123164062832,"CEP126","ENSG00000110318"
5.71394084102079e-07,-1.32324502335935,0.055,0.151,0.0173389534820776,"STRADA","ENSG00000266173"
5.5750205023442e-07,-2.32324502335935,0.008,0.055,0.0169173997143635,"WDR54","ENSG00000005448"
5.53922815474858e-07,-1.07615216139458,0.107,0.233,0.0168087878355846,"IER5","ENSG00000162783"
5.52573429945468e-07,-3.32324502335935,0.003,0.037,0.0167678407316952,"GPR82","ENSG00000171657"
5.47169879928992e-07,-4.90820752408051,0,0.023,0.0166038700064453,"FGF22","ENSG00000070388"
5.47163267469662e-07,-5.32324502335935,0,0.023,0.0166036693513669,"LCN10","ENSG00000187922"
5.47153348907849e-07,-5.13059994541696,0,0.023,0.0166033683726087,"TM4SF18","ENSG00000163762"
5.45573153842798e-07,-3.43872224077929,0.003,0.037,0.0165554173533597,"MMRN1","ENSG00000138722"
5.44892063884027e-07,-1.85375974005813,0.008,0.055,0.0165347496785608,"CH25H","ENSG00000138135"
5.43867461016889e-07,-3.49317002480167,0.003,0.037,0.0165036581045575,"ZMPSTE24-DT","ENSG00000259943"
5.43867461016889e-07,-3.49317002480167,0.003,0.037,0.0165036581045575,"H1-3","ENSG00000124575"
5.38531258556716e-07,-3.64517311824672,0.003,0.037,0.0163417310409035,"MAPK11","ENSG00000185386"
5.30447857811881e-07,-1.15723507192042,0.06,0.16,0.0160964402453015,"SNX17","ENSG00000115234"
5.26043162569427e-07,-1.35021207095962,0.032,0.11,0.0159627797681693,"CNPPD1","ENSG00000115649"
5.23718594111891e-07,-1.0638583945407,0.044,0.132,0.0158922407383253,"CARD19","ENSG00000165233"
5.04206952064166e-07,-1.24171513786275,0.057,0.155,0.0153001599603871,"RAB1B","ENSG00000174903"
5.03342547169275e-07,-1.66901986020108,0.058,0.155,0.0152739295938516,"MPDZ","ENSG00000107186"
4.9708916270424e-07,-1.11564960395099,0.054,0.151,0.0150841706422602,"TNKS1BP1","ENSG00000149115"
4.9232116654014e-07,-1.37838657755181,0.091,0.205,0.0149394857986606,"UGCG","ENSG00000148154"
4.76312142209646e-07,-1.26879723933698,0.047,0.137,0.0144536919553517,"TMEM126B","ENSG00000171204"
4.6790906214919e-07,-1.78719212311914,0.021,0.087,0.0141987004909172,"PPP1R35","ENSG00000160813"
4.6790906214919e-07,-1.89028561608325,0.021,0.087,0.0141987004909172,"NUDT16L1","ENSG00000168101"
4.55235222273477e-07,-1.48078630034583,0.032,0.11,0.0138141128198887,"LSM6","ENSG00000164167"
4.49129686793718e-07,-1.25715583290158,0.044,0.132,0.0136288403457554,"COA3","ENSG00000183978"
4.43835880573176e-07,-1.13210353600735,0.089,0.205,0.013468199795993,"PRR13","ENSG00000205352"
4.28229814181206e-07,-1.1262081762998,0.062,0.164,0.0129946337113287,"ECH1","ENSG00000104823"
4.2812320162584e-07,-2.10085260202291,0.021,0.087,0.0129913985533361,"GIMAP1","ENSG00000213203"
4.26546582873056e-07,-1.3721546238403,0.036,0.119,0.0129435560572829,"FMC1","ENSG00000164898"
4.25203244651694e-07,-1.99462227589798,0.035,0.114,0.0129027924589557,"CLEC10A","ENSG00000132514"
4.13248081174115e-07,-1.01799566961862,0.123,0.256,0.0125400130232285,"TUT4","ENSG00000134744"
4.06306201572764e-07,-1.11025130002515,0.062,0.164,0.0123293616867255,"FBL","ENSG00000105202"
4.05224591371779e-07,-1.22748604055392,0.071,0.178,0.0122965402251766,"NPHP3","ENSG00000113971"
3.99419681961898e-07,-1.48830426962985,0.047,0.137,0.0121203902491338,"ZNF506","ENSG00000081665"
3.92773295544302e-07,-1.01065479305133,0.096,0.219,0.0119187056532918,"SUN1","ENSG00000164828"
3.87426631260523e-07,-2.1920004900811,0.03,0.105,0.0117564611256006,"NPAS2","ENSG00000170485"
3.73101800063639e-07,-1.26131727421615,0.079,0.192,0.0113217741229311,"CPNE3","ENSG00000085719"
3.6857151976871e-07,-2.58627942919315,0.006,0.05,0.0111843027673815,"","ENSG00000273650"
3.67403525577882e-07,-1.58627942919315,0.036,0.119,0.0111488599836608,"NPEPL1","ENSG00000215440"
3.66530108106315e-07,-1.39670718530037,0.15,0.283,0.0111223561304861,"STRN3","ENSG00000196792"
3.51768396998009e-07,-1.49608162022157,0.038,0.123,0.0106744120069046,"GTPBP6","ENSG00000178605"
3.50317651591882e-07,-2.86381340472206,0.006,0.05,0.0106303891375557,"H1-4","ENSG00000168298"
3.4892156890002e-07,-1.5602842206602,0.044,0.132,0.0105880250082711,"COMMD7","ENSG00000149600"
3.45863071503086e-07,-1.32324502335935,0.099,0.219,0.0104952149047612,"SREBF1","ENSG00000072310"
3.42214492529716e-07,-3.02368474150045,0.006,0.05,0.0103844987758142,"XPNPEP2","ENSG00000122121"
3.35955292215898e-07,-1.10085260202291,0.067,0.174,0.0101945633422914,"CKLF","ENSG00000217555"
3.31325936263222e-07,-1.88714590855268,0.013,0.068,0.0100540855359075,"RHBDF1","ENSG00000007384"
3.29245181506553e-07,-3.06021061752556,0.004,0.041,0.00999094503281634,"PON3","ENSG00000105852"
3.29245181506553e-07,-3.06021061752556,0.004,0.041,0.00999094503281634,"PPP1R14A","ENSG00000167641"
3.2798650093916e-07,-1.19492092638381,0.04,0.128,0.00995275037099881,"RBP4","ENSG00000138207"
3.24950124727309e-07,-1.29576428693725,0.031,0.11,0.00986061153485021,"ARFRP1","ENSG00000101246"
3.16610861289353e-07,-3.46074854710929,0.004,0.041,0.00960755658582541,"SHC2","ENSG00000129946"
3.16427067711034e-07,-1.2128210336657,0.12,0.251,0.00960197936969133,"PLSCR1","ENSG00000188313"
3.08034569334261e-07,-1.38361764133884,0.068,0.174,0.00934730900644815,"ITGA6","ENSG00000091409"
3.0782172762837e-07,-1.39539480911519,0.051,0.146,0.0093408503248829,"GABPB1-IT1","ENSG00000285410"
3.04196470695624e-07,-1.25550041672352,0.062,0.164,0.00923084190325871,"FOXC1","ENSG00000054598"
2.95740988493842e-07,-1.37447034671453,0.057,0.155,0.00897426029584564,"IMP3","ENSG00000177971"
2.91585611787988e-07,-2.03373840616437,0.016,0.078,0.0088481653897065,"MCM3","ENSG00000112118"
2.85509975432526e-07,-1.28875664697406,0.076,0.187,0.0086638002045,"UPP1","ENSG00000183696"
2.77590447022491e-07,-2.51589010130175,0.011,0.064,0.00842348211489747,"ZNF581","ENSG00000171425"
2.77074162692214e-07,-1.63971868815461,0.038,0.123,0.00840781546689522,"LDAF1","ENSG00000011638"
2.74802769554112e-07,-1.26634263212488,0.108,0.233,0.00833889004211952,"GABARAPL1","ENSG00000139112"
2.62483607497778e-07,-2.7102681464686,0.011,0.064,0.00796506506952009,"LCA5","ENSG00000135338"
2.60659820548295e-07,-1.52677841744448,0.048,0.142,0.00790972225453801,"WBP11","ENSG00000084463"
2.56599054339327e-07,-1.95127624597239,0.034,0.114,0.00778649830392689,"SLC25A1","ENSG00000100075"
2.50493608013161e-07,-1.1216111621897,0.072,0.183,0.00760122853515938,"TMEM30A","ENSG00000112697"
2.47566579892106e-07,-1.30617151000041,0.058,0.16,0.00751240786682595,"ABCE1","ENSG00000164163"
2.45431933586135e-07,-2.41635442775083,0.009,0.059,0.00744763202467125,"BICRA","ENSG00000063169"
2.39785705263236e-07,-1.20652141705767,0.113,0.242,0.00727629722621289,"EPAS1","ENSG00000116016"
2.38863572816201e-07,-1.17998797237912,0.133,0.269,0.00724831511710762,"DYNC1LI2","ENSG00000135720"
2.2739657357662e-07,-1.06300925087823,0.057,0.16,0.00690034902518252,"POLR2K","ENSG00000147669"
2.24916370531646e-07,-2.0165836851253,0.026,0.1,0.00682508726378281,"ANGPT1","ENSG00000154188"
2.24548053386999e-07,-1.19254133171476,0.08,0.196,0.00681391068002848,"RAB11B","ENSG00000185236"
2.22104505649678e-07,-1.70579466988929,0.134,0.265,0.00673976122393949,"TMEM135","ENSG00000166575"
2.19573639573195e-07,-2.07170625636339,0.02,0.087,0.00666296209284861,"PLEKHJ1","ENSG00000104886"
2.1901983677797e-07,-1.32324502335935,0.061,0.164,0.0066461569470275,"AGTRAP","ENSG00000177674"
2.15943626029317e-07,-2.22370934980844,0.02,0.087,0.00655280933185961,"TMEM88","ENSG00000167874"
2.12809266699847e-07,-1.62280530521826,0.04,0.128,0.00645769719800686,"ITGA1","ENSG00000213949"
2.0272161933857e-07,-1.11484587410241,0.111,0.242,0.00615158753882889,"SERPINB1","ENSG00000021355"
2.00762709465997e-07,-1.66028001063692,0.043,0.132,0.00609214441874568,"NIT2","ENSG00000114021"
1.83020855042466e-07,-2.78267664199665,0.005,0.046,0.00555376784626364,"","ENSG00000267653"
1.82423488223681e-07,-1.29221812773873,0.057,0.16,0.00553564075014759,"PGRMC2","ENSG00000164040"
1.80736449227949e-07,-1.51033057595985,0.045,0.137,0.00548444755182211,"NDUFA7","ENSG00000267855"
1.75371535237559e-07,-3.13059994541696,0.005,0.046,0.00532164923678371,"CYP26B1","ENSG00000003137"
1.73391381349855e-07,-1.71181031127701,0.04,0.128,0.00526156146706136,"PIP4P2","ENSG00000155099"
1.70409487547729e-07,-3.32324502335935,0.005,0.046,0.00517107589963583,"CD79B","ENSG00000007312"
1.64771607034754e-07,-1.52738574013958,0.072,0.183,0.0049999944154696,"GADD45A","ENSG00000116717"
1.63337005893818e-07,-2.7102681464686,0.007,0.055,0.0049564614438479,"ANKRD29","ENSG00000154065"
1.62399478382182e-07,-1.37055073813771,0.08,0.196,0.00492801217150731,"AIMP1","ENSG00000164022"
1.60301719090167e-07,-1.30306714142172,0.099,0.224,0.00486435566579112,"PPP1R14B","ENSG00000173457"
1.55000615026225e-07,-1.08761677486621,0.036,0.123,0.0047034936629708,"MRPL47","ENSG00000136522"
1.52105203508978e-07,-1.42377189931332,0.063,0.169,0.00461563240047993,"NDUFS2","ENSG00000158864"
1.49048316964106e-07,-1.12242601397126,0.112,0.247,0.0045228711782758,"KLF9","ENSG00000119138"
1.4492211231197e-07,-1.0947134649255,0.1,0.228,0.00439766149810672,"EIF3D","ENSG00000100353"
1.43247484630252e-07,-1.94773588826715,0.037,0.123,0.004346844921105,"GPSM3","ENSG00000213654"
1.41202850204712e-07,-1.36763914271781,0.089,0.21,0.00428480048946198,"SDF4","ENSG00000078808"
1.40573928213641e-07,-1.58627942919315,0.072,0.183,0.00426571585164292,"RO60","ENSG00000116747"
1.39186867686567e-07,-1.16891687696806,0.179,0.333,0.00422362549994889,"SMAD3","ENSG00000166949"
1.33859595658092e-07,-1.66028001063692,0.017,0.082,0.00406196943024481,"S1PR1","ENSG00000170989"
1.32340723221102e-07,-1.48674375564223,0.032,0.114,0.00401587924614433,"IRF2BPL","ENSG00000119669"
1.30874420545668e-07,-1.88714590855268,0.012,0.068,0.00397138429145828,"RANGRF","ENSG00000108961"
1.30732301059872e-07,-1.78719212311914,0.019,0.087,0.0039670716756618,"PTPRN2","ENSG00000155093"
1.29681881725079e-07,-1.35215771527459,0.049,0.146,0.00393519670094751,"","ENSG00000231873"
1.28793315322826e-07,-1.44060197399751,0.044,0.137,0.00390823315347116,"FAM89B","ENSG00000176973"
1.28645658376539e-07,-1.10912021800651,0.118,0.251,0.00390375250343608,"PCSK7","ENSG00000160613"
1.28324927452503e-07,-2.18028706951731,0.04,0.128,0.00389401992354621,"TWIST1","ENSG00000122691"
1.28186908465473e-07,-2.37769280738173,0.016,0.078,0.00388983173738478,"ADAM33","ENSG00000149451"
1.23901673424364e-07,-1.26621407832297,0.089,0.21,0.00375979628006231,"ITPRIPL2","ENSG00000205730"
1.19831782085552e-07,-2.46074854710929,0.014,0.073,0.00363629542738607,"F8","ENSG00000185010"
1.18295973844633e-07,-2.19771414127549,0.017,0.082,0.00358969132631538,"DSC2","ENSG00000134755"
1.1711493763509e-07,-1.06759014789116,0.064,0.174,0.0035538527825368,"ZCRB1","ENSG00000139168"
1.16867996434301e-07,-1.11842523147085,0.081,0.201,0.00354635935179886,"PSMG2","ENSG00000128789"
1.14201672264782e-07,-1.03694083820271,0.056,0.16,0.00346544974487482,"PIGP","ENSG00000185808"
1.09250514750541e-07,-1.17349790385467,0.094,0.219,0.00331520687010517,"TCEA1","ENSG00000187735"
1.08720841313002e-07,-1.6086472422216,0.049,0.146,0.00329913392964305,"RBM42","ENSG00000126254"
1.0862074300898e-07,-1.33867506392896,0.065,0.174,0.00329609644660749,"FBXL3","ENSG00000005812"
1.07977787140469e-07,-2.76381761474533,0.012,0.068,0.00327658595077754,"H2AC6","ENSG00000180573"
1.07303989388697e-07,-1.7175239624714,0.021,0.091,0.00325613955800002,"RFXANK","ENSG00000064490"
9.89143715784561e-08,-2.55771027699638,0.01,0.064,0.00300155660554825,"AQP7","ENSG00000165269"
9.87311928016288e-08,-1.45651155422282,0.068,0.178,0.00299599804556543,"PRKAA1","ENSG00000132356"
9.36715337226048e-08,-1.18342205370646,0.163,0.311,0.00284246269081244,"DAZAP2","ENSG00000183283"
9.22608517331567e-08,-2.06021061752556,0.032,0.114,0.00279965554584264,"STXBP6","ENSG00000168952"
9.04591213016238e-08,-2.64517311824672,0.005,0.05,0.00274498203589777,"PTP4A3","ENSG00000184489"
8.64540238660722e-08,-1.14532723116351,0.109,0.242,0.00262344735421596,"CTSC","ENSG00000109861"
8.51205769795474e-08,-3.60335294255209,0.005,0.05,0.00258298390844437,"SLITRK4","ENSG00000179542"
8.31459503460009e-08,-1.77304794079887,0.029,0.11,0.0025230638632494,"UQCC3","ENSG00000204922"
7.96699665942183e-08,-1.65186777082072,0.025,0.1,0.00241758513630155,"SPRY2","ENSG00000136158"
7.85582611372652e-08,-1.00982842832751,0.098,0.228,0.00238385043421031,"GSTK1","ENSG00000197448"
7.50153882762231e-08,-1.07862265463944,0.066,0.178,0.00227634195724199,"TMEM35B","ENSG00000243749"
7.47084904916703e-08,-1.64517311824672,0.054,0.155,0.00226702914396974,"ST3GAL5","ENSG00000115525"
7.17022000596708e-08,-1.1058274174382,0.12,0.26,0.00217580326081071,"ARRDC3","ENSG00000113369"
7.16271384189631e-08,-3.32324502335935,0.001,0.032,0.00217352551532344,"CA4","ENSG00000167434"
6.97579892034343e-08,-1.49657662624491,0.068,0.178,0.00211680618237821,"MIA3","ENSG00000154305"
6.9693697216004e-08,-3.78267664199665,0.002,0.037,0.00211485524201964,"KCNB1","ENSG00000158445"
6.96398782240773e-08,-4.32324502335935,0.001,0.032,0.00211322210470963,"CCDC121","ENSG00000176714"
6.96398782240773e-08,-4.32324502335935,0.001,0.032,0.00211322210470963,"TDRD6","ENSG00000180113"
6.94427486170769e-08,-3.90820752408051,0.002,0.037,0.0021072402067852,"PCDH1","ENSG00000156453"
6.93514456731845e-08,-4.64517311824672,0.001,0.032,0.00210446961895278,"PLA1A","ENSG00000144837"
6.89816394233047e-08,-1.55968521918143,0.048,0.146,0.00209324784830018,"SELENON","ENSG00000162430"
6.8931034884123e-08,-1.12085562667053,0.13,0.274,0.00209171225355871,"TMEM259","ENSG00000182087"
6.88241136857267e-08,-1.85375974005813,0.025,0.1,0.00208846772979338,"VPS25","ENSG00000131475"
6.72244287645695e-08,-4.32324502335935,0.002,0.037,0.00203992529086086,"NES","ENSG00000132688"
6.40455853038705e-08,-1.0862058260585,0.097,0.228,0.00194346328604595,"SUMO1","ENSG00000116030"
6.27259453054243e-08,-1.51189371359145,0.259,0.406,0.0019034188102931,"CD163","ENSG00000177575"
6.0642665695977e-08,-1.90820752408051,0.015,0.078,0.00184020169054442,"TMEM204","ENSG00000131634"
6.06135039878548e-08,-1.14739518795994,0.079,0.201,0.00183931677851145,"SSU72","ENSG00000160075"
6.00960264817904e-08,-1.87783387503699,0.046,0.142,0.00182361392358993,"EMILIN1","ENSG00000138080"
5.98312244214797e-08,-1.00935424753741,0.112,0.251,0.0018155785050698,"SLC25A36","ENSG00000114120"
5.83239699696102e-08,-1.5400564124325,0.05,0.151,0.00176984086872782,"CCNDBP1","ENSG00000166946"
5.82927924678799e-08,-1.54831157899413,0.056,0.16,0.00176889478743781,"ZNF24","ENSG00000172466"
5.48101497127061e-08,-1.22370934980844,0.095,0.224,0.00166321399303207,"RAB14","ENSG00000119396"
5.45560210564067e-08,-1.92114657978801,0.026,0.105,0.00165550245895666,"PIK3IP1","ENSG00000100100"
5.1678282096439e-08,-3.21632981944284,0.003,0.041,0.00156817747021644,"MYO5C","ENSG00000128833"
5.08906966291233e-08,-1.63136731872169,0.047,0.146,0.00154427818921075,"MAPK3","ENSG00000102882"
4.72436415623894e-08,-1.13979888226342,0.076,0.196,0.00143360830321071,"DHRS3","ENSG00000162496"
4.6027436153608e-08,-2.32324502335935,0.018,0.087,0.00139670255008123,"GBA2","ENSG00000070610"
4.53897121757422e-08,-2.21221371097061,0.02,0.091,0.0013773508159729,"JAML","ENSG00000160593"
4.36049876325946e-08,-2.96067494397464,0.006,0.055,0.00132319334971108,"CYP4X1","ENSG00000186377"
4.23678088069687e-08,-1.22748604055392,0.07,0.187,0.00128565115824746,"COX16","ENSG00000133983"
4.21490068258137e-08,-1.22088330572968,0.098,0.228,0.00127901161212932,"PDCD4","ENSG00000150593"
4.17413042555066e-08,-2.18122601848692,0.02,0.091,0.00126663987763335,"EMX2OS","ENSG00000229847"
4.05016099531759e-08,-1.72216285727492,0.085,0.205,0.00122902135402912,"MTUS1","ENSG00000129422"
4.03465687705867e-08,-5.13059994541696,0,0.027,0.00122431662934345,"","ENSG00000271737"
4.03465687705867e-08,-5.13059994541696,0,0.027,0.00122431662934345,"CARD10","ENSG00000100065"
4.03453548328144e-08,-5.64517311824672,0,0.027,0.00122427979240175,"BCL6B","ENSG00000161940"
4.03441409269335e-08,-5.32324502335935,0,0.027,0.0012242429564278,"","ENSG00000272720"
3.94131393462079e-08,-1.08473293665963,0.099,0.233,0.00119599171346068,"GNG11","ENSG00000127920"
3.8543587760656e-08,-2.10085260202291,0.022,0.096,0.00116960517059711,"ALDH6A1","ENSG00000119711"
3.84040277571294e-08,-1.71181031127701,0.042,0.137,0.00116537022229009,"KIAA2013","ENSG00000116685"
3.68577394190882e-08,-1.79139385909776,0.081,0.201,0.00111844810267223,"C1orf162","ENSG00000143110"
3.54238283772039e-08,-1.63136731872169,0.055,0.16,0.00107493607210625,"ARHGEF10","ENSG00000104728"
3.4510696424743e-08,-2.78267664199665,0.004,0.046,0.00104722708300883,"KANSL1-AS1","ENSG00000214401"
3.42808219774524e-08,-2.57117253680294,0.009,0.064,0.00104025154290579,"NOTCH4","ENSG00000204301"
3.38712926533811e-08,-1.16384520177975,0.145,0.297,0.00102782437556685,"HNRNPF","ENSG00000169813"
3.29894087985904e-08,-2.76381761474533,0.009,0.064,0.00100106360999322,"SEMA6A","ENSG00000092421"
3.21970542112852e-08,-1.60196105142542,0.039,0.132,0.00097701961004145,"MLX","ENSG00000108788"
3.20162885605096e-08,-3.58627942919315,0.004,0.046,0.000971534276368663,"TEK","ENSG00000120156"
3.13526546744213e-08,-1.14238217543215,0.172,0.333,0.000951396306095314,"KCTD12","ENSG00000178695"
2.8142917505228e-08,-1.34790707759362,0.084,0.21,0.000853996831696143,"MAP2K2","ENSG00000126934"
2.75575886201816e-08,-2.07997387234699,0.032,0.119,0.00083623502667941,"CTHRC1","ENSG00000164932"
2.69194566137042e-08,-1.44877590544321,0.038,0.132,0.000816870910942854,"CKS1B","ENSG00000173207"
2.64990698102495e-08,-1.07363113328788,0.06,0.174,0.000804114273392021,"MRPS36","ENSG00000134056"
2.61652958737007e-08,-2.10085260202291,0.026,0.105,0.000793985903287448,"VWA1","ENSG00000179403"
2.59420450155278e-08,-1.79566474477417,0.164,0.311,0.000787211355996192,"DCLK1","ENSG00000133083"
2.56340594486438e-08,-1.17885511402418,0.074,0.196,0.000777865533969097,"ETS1","ENSG00000134954"
2.52372243405615e-08,-2.18122601848692,0.026,0.105,0.000765823572614339,"TUSC1","ENSG00000198680"
2.51138646702837e-08,-1.455695319383,0.064,0.178,0.00076208022341976,"TRIM47","ENSG00000132481"
2.49878719478239e-08,-1.19396200641439,0.063,0.178,0.000758256974256717,"COPS2","ENSG00000166200"
2.41248047984363e-08,-1.44523554773796,0.046,0.146,0.00073206720160855,"TM2D3","ENSG00000184277"
2.41123202360547e-08,-1.4400586883421,0.051,0.155,0.00073168835756308,"RBM7","ENSG00000076053"
2.35540885496613e-08,-2.13882045222193,0.014,0.078,0.000714748817039472,"MCAM","ENSG00000076706"
2.34908495353266e-08,-1.2196223922852,0.063,0.178,0.000712829829149486,"PRMT1","ENSG00000126457"
2.34837817310175e-08,-2.18122601848692,0.026,0.105,0.000712615356627725,"C11orf54","ENSG00000182919"
2.30030759540261e-08,-1.13755270605872,0.123,0.269,0.000698028339824921,"SESN1","ENSG00000080546"
2.25667851828536e-08,-1.64517311824672,0.048,0.151,0.000684789096373692,"TSNAX","ENSG00000116918"
2.210061561976e-08,-1.62663716680929,0.029,0.114,0.000670643180981618,"JMJD8","ENSG00000161999"
2.16999949545025e-08,-1.41788189749743,0.075,0.196,0.000658486346894377,"OIP5-AS1","ENSG00000247556"
2.16433973807491e-08,-2.0129049027472,0.019,0.091,0.000656768893518832,"ZNF593","ENSG00000142684"
1.99230928037006e-08,-1.93991638380785,0.036,0.128,0.000604566251128294,"TSPAN7","ENSG00000156298"
1.95653214882097e-08,-1.07888917055033,0.189,0.356,0.000593709680559724,"SPTBN1","ENSG00000115306"
1.84142367727904e-08,-1.31545367206851,0.222,0.388,0.000558780014870326,"CD14","ENSG00000170458"
1.83776881390586e-08,-2.66428194119442,0.012,0.073,0.000557670946579735,"RNF125","ENSG00000101695"
1.82969666246509e-08,-3.49317002480167,0.005,0.05,0.000555221452225033,"WDR86","ENSG00000187260"
1.82354334966413e-08,-2.63136731872169,0.017,0.087,0.000553354229455581,"MARCKSL1","ENSG00000175130"
1.67806986909469e-08,-2.97532171993905,0.012,0.073,0.000509210301776783,"ATOH8","ENSG00000168874"
1.66071074437141e-08,-1.09337748146076,0.089,0.224,0.000503942675379504,"GINM1","ENSG00000055211"
1.66033689860545e-08,-1.15129234057006,0.109,0.251,0.000503829231881822,"CBX3","ENSG00000122565"
1.6423223017369e-08,-1.72378295294308,0.036,0.128,0.000498362702462061,"ECI1","ENSG00000167969"
1.62441893439589e-08,-1.04801016392003,0.219,0.388,0.000492929925642432,"YWHAB","ENSG00000166913"
1.569646838657e-08,-1.5257378872581,0.047,0.151,0.000476309333190466,"MAP3K11","ENSG00000173327"
1.56596532293901e-08,-1.19633291087713,0.123,0.269,0.000475192177245842,"YTHDC1","ENSG00000083896"
1.56176185705742e-08,-1.11679414589193,0.114,0.26,0.000473916635524075,"METRNL","ENSG00000176845"
1.55987356137046e-08,-1.8086718505296,0.04,0.137,0.000473343632197865,"TAMALIN","ENSG00000161835"
1.54630629845795e-08,-1.09907697713305,0.152,0.311,0.000469226646267065,"ASAH1","ENSG00000104763"
1.42419137009431e-08,-1.67471739386073,0.04,0.137,0.00043217087125512,"DNAJA2","ENSG00000069345"
1.41928140576318e-08,-2.7382825226382,0.01,0.068,0.000430680942578837,"LPCAT4","ENSG00000176454"
1.39147126612639e-08,-1.00621572788483,0.083,0.215,0.000422241955706053,"RPS19BP1","ENSG00000187051"
1.37929670046972e-08,-1.33132736965721,0.179,0.342,0.000418547583757536,"KDM7A","ENSG00000006459"
1.34229760825316e-08,-2.60954920851599,0.023,0.1,0.000407320209224422,"LINC00278","ENSG00000231535"
1.29921373026278e-08,-1.25795356310763,0.07,0.192,0.000394246406448242,"BDH2","ENSG00000164039"
1.23464163052504e-08,-2.00131692847199,0.031,0.119,0.000374652002782823,"MARK1","ENSG00000116141"
1.21128061029383e-08,-2.1137916577304,0.031,0.119,0.000367563101193664,"ZBTB37","ENSG00000185278"
1.13066763642593e-08,-1.1216111621897,0.142,0.301,0.00034310109427345,"BLVRB","ENSG00000090013"
1.12939359115488e-08,-1.93991638380785,0.016,0.087,0.000342714485235947,"HSD11B1","ENSG00000117594"
1.07433241490366e-08,-1.46074854710929,0.062,0.178,0.000326006171302514,"ARMCX3","ENSG00000102401"
9.97168164465351e-09,-2.60335294255209,0.008,0.064,0.000302590679507011,"CHRD","ENSG00000090539"
9.9088965055895e-09,-2.04761058074593,0.015,0.082,0.000300685464462113,"ANKRD35","ENSG00000198483"
9.82697349462903e-09,-1.47936422527663,0.089,0.219,0.000298199510694518,"GMFG","ENSG00000130755"
9.64484513547559e-09,-2.32324502335935,0.016,0.087,0.000292672825636007,"PIGM","ENSG00000143315"
9.4474906293364e-09,-1.801292320164,0.035,0.128,0.000286684103147213,"LIMS2","ENSG00000072163"
9.41588290571487e-09,-2.37769280738173,0.018,0.091,0.000285724966773918,"ADGRD1","ENSG00000111452"
9.38940438738716e-09,-1.55151401103247,0.054,0.164,0.000284921476135263,"ZNF330","ENSG00000109445"
9.22471705469314e-09,-1.08038849946319,0.14,0.297,0.000279924039024663,"VPS29","ENSG00000111237"
9.06741331458862e-09,-1.26184447869521,0.061,0.178,0.000275150657031192,"MMADHC","ENSG00000168288"
8.98162263508848e-09,-1.0129049027472,0.156,0.324,0.00027254733886176,"TNFRSF1A","ENSG00000067182"
8.80905314301218e-09,-1.37571244325349,0.051,0.16,0.000267310717624704,"OTUD6B-AS1","ENSG00000253738"
8.61212231450722e-09,-1.18574149960942,0.104,0.247,0.000261334851633722,"SORBS3","ENSG00000120896"
8.58286518131322e-09,-1.27466484291429,0.099,0.237,0.00026044704392695,"NENF","ENSG00000117691"
8.14067066174616e-09,-1.61742812776381,0.088,0.219,0.000247028651230687,"TLN2","ENSG00000171914"
8.07134783068334e-09,-1.05431001608588,0.088,0.224,0.000244925049922086,"TMEM43","ENSG00000170876"
7.81382687077435e-09,-1.59454704517675,0.036,0.132,0.000237110576393648,"TSPYL1","ENSG00000189241"
7.52626915772358e-09,-1.68314096844574,0.062,0.178,0.000228384637591122,"TCF7L1","ENSG00000152284"
7.48990743233042e-09,-2.67688197797405,0.013,0.078,0.000227281241034067,"SOCS2","ENSG00000120833"
7.38823945318382e-09,-2.78267664199665,0.013,0.078,0.000224196126206863,"TST","ENSG00000128311"
7.35195970699585e-09,-2.7382825226382,0.013,0.078,0.000223095217308789,"ROBO4","ENSG00000154133"
7.34241788437962e-09,-1.42794240202605,0.064,0.183,0.0002228056707015,"CRBN","ENSG00000113851"
7.27286077511148e-09,-1.50012278544343,0.056,0.169,0.000220694960220758,"ADAMTS1","ENSG00000154734"
6.55543848205155e-09,-1.18997849249589,0.063,0.183,0.000198924780737854,"GAS1","ENSG00000180447"
6.5524845941186e-09,-1.83781819618911,0.032,0.123,0.000198835145008529,"LZTS2","ENSG00000107816"
6.29674302446959e-09,-1.49136778216768,0.064,0.183,0.00019107466707753,"CTDSP1","ENSG00000144579"
6.24845250449528e-09,-1.07615216139458,0.131,0.288,0.000189609291248909,"CHURC1","ENSG00000258289"
5.66161143099158e-09,-1.96479105244688,0.036,0.132,0.00017180159887344,"THBS1","ENSG00000137801"
5.65037051735677e-09,-1.6885294874411,0.034,0.128,0.000171460493349191,"EHD2","ENSG00000024422"
5.5884655850355e-09,-1.35641188729455,0.055,0.169,0.000169581988177902,"AIP","ENSG00000110711"
5.43648441321296e-09,-2.67116832677966,0.006,0.059,0.000164970119518947,"NPR1","ENSG00000169418"
5.35692353499772e-09,-5.57117253680294,0.001,0.037,0.000162555844669506,"ADH4","ENSG00000198099"
5.33857520673349e-09,-1.61052697543982,0.043,0.146,0.000161999064648328,"TPGS1","ENSG00000141933"
5.14466707060616e-09,-3.06021061752556,0.006,0.059,0.000156114922257544,"MCF2L","ENSG00000126217"
5.08014650487942e-09,-1.62462574084263,0.067,0.187,0.000154157045690566,"EVI2B","ENSG00000185862"
5.02145680703253e-09,-3.08223692385556,0.006,0.059,0.000152376106809402,"NRN1","ENSG00000124785"
4.89166955893616e-09,-1.72378295294308,0.034,0.128,0.000148437712765918,"C15orf61","ENSG00000189227"
4.75303159350088e-09,-1.56004788761997,0.102,0.242,0.000144230743704784,"GAS6","ENSG00000183087"
4.73052807455856e-09,-1.75208832216323,0.038,0.137,0.000143547874422479,"MPLKIP","ENSG00000168303"
4.58940195691494e-09,-2.40777853357102,0.089,0.224,0.000139265402382584,"APOC1","ENSG00000130208"
4.47102863640358e-09,-3.85375974005813,0.006,0.059,0.000135673363971667,"BTNL9","ENSG00000165810"
4.43156520622396e-09,-1.43770374794427,0.07,0.196,0.000134475846182866,"SRSF9","ENSG00000111786"
4.39619397002237e-09,-2.13059994541696,0.034,0.128,0.000133402506020329,"","ENSG00000273319"
4.38925549314695e-09,-2.29467587116258,0.027,0.114,0.000133191957939544,"CA12","ENSG00000074410"
4.38205478634734e-09,-1.45048021165546,0.091,0.228,0.00013297345249171,"TUG1","ENSG00000253352"
4.3310537818649e-09,-1.85193930443376,0.046,0.151,0.00013142582701069,"NT5C","ENSG00000125458"
4.084461950832e-09,-1.32324502335935,0.1,0.242,0.000123942997897997,"CALCOCO2","ENSG00000136436"
4.05205030845603e-09,-1.21221371097061,0.095,0.237,0.000122959466610098,"RRAS","ENSG00000126458"
3.96568187350226e-09,-1.45726237133104,0.079,0.21,0.000120338616451426,"STUB1","ENSG00000103266"
3.96078020813374e-09,-2.27077760346522,0.019,0.096,0.000120189875415818,"HIC1","ENSG00000177374"
3.86263203725722e-09,-1.16509718969339,0.113,0.265,0.00011721156917057,"SYF2","ENSG00000117614"
3.72688598135983e-09,-2.25911468593964,0.014,0.082,0.000113092355104364,"LIMD2","ENSG00000136490"
3.546352506427e-09,-2.24662374175644,0.038,0.137,0.000107614066807527,"VGLL3","ENSG00000206538"
3.37822133607908e-09,-1.31042098300177,0.075,0.205,0.00010251212644332,"CSF1","ENSG00000184371"
3.14571666067399e-09,-1.89698026865725,0.025,0.11,9.54567720681521e-05,"CDKN1B","ENSG00000111276"
3.14375308168551e-09,-1.30916983814763,0.067,0.192,9.53971872637468e-05,"IK","ENSG00000113141"
3.0274868220515e-09,-2.13683189912847,0.025,0.11,9.18690876151527e-05,"NUDT16","ENSG00000198585"
3.0010303755864e-09,-6.41070786460969,0,0.032,9.10662667471695e-05,"SAA1","ENSG00000173432"
2.97493071229835e-09,-2.08223692385556,0.036,0.132,9.02742724646933e-05,"CD320","ENSG00000167775"
2.84658887839192e-09,-2.53474912855306,0.012,0.078,8.63797395148027e-05,"SLC2A8","ENSG00000136856"
2.81831305344088e-09,-1.65157856664197,0.661,0.667,8.55217096066635e-05,"ZFP36","ENSG00000128016"
2.72688097595649e-09,-1.88267243197337,0.026,0.114,8.27472032153998e-05,"GHDC","ENSG00000167925"
2.69979036033925e-09,-2.61275164055434,0.007,0.064,8.19251384844947e-05,"CDH5","ENSG00000179776"
2.63645769132988e-09,-1.38604015009525,0.216,0.406,8.00033086434053e-05,"PLPP1","ENSG00000067113"
2.57546423588626e-09,-1.18498793728312,0.195,0.37,7.81524622379685e-05,"SRSF7","ENSG00000115875"
2.31836062945408e-09,-1.348931667023,0.1,0.247,7.0350653300784e-05,"LCP1","ENSG00000136167"
1.99865262321793e-09,-3.15332002191704,0.005,0.055,6.06491138515482e-05,"KDR","ENSG00000128052"
1.9866062227847e-09,-3.15332002191704,0.005,0.055,6.02835658304016e-05,"MALL","ENSG00000144063"
1.97202787344953e-09,-1.38096052121564,0.066,0.192,5.98411858198261e-05,"CALCOCO1","ENSG00000012822"
1.96116668600922e-09,-1.14082907773384,0.118,0.279,5.95116030869498e-05,"FGL2","ENSG00000127951"
1.90875210002231e-09,-3.41070786460969,0.005,0.055,5.79210824751771e-05,"SEMA3G","ENSG00000010319"
1.89770334317796e-09,-1.6885294874411,0.044,0.151,5.75858079487351e-05,"HEBP2","ENSG00000051620"
1.86603266169848e-09,-1.33185815366406,0.096,0.242,5.66247611192403e-05,"PARVA","ENSG00000197702"
1.79131418926175e-09,-1.25247723401749,0.564,0.662,5.43574290731479e-05,"IGFBP6","ENSG00000167779"
1.76417161423296e-09,-1.93622190025011,0.039,0.142,5.35337876338993e-05,"PALM","ENSG00000099864"
1.75800369500132e-09,-3.13059994541696,0.01,0.073,5.3346622124815e-05,"CASKIN2","ENSG00000177303"
1.75466180346742e-09,-3.10085260202291,0.01,0.073,5.32452124262189e-05,"CASTOR1","ENSG00000239282"
1.73424506246015e-09,-1.19133334785377,0.059,0.183,5.26256664203533e-05,"CTSF","ENSG00000174080"
1.68541142827627e-09,-1.77114715654382,0.119,0.269,5.11438097910433e-05,"PPFIBP1","ENSG00000110841"
1.6389782018873e-09,-3.51589010130175,0.01,0.073,4.973479353627e-05,"ADIPOQ","ENSG00000181092"
1.61383882616005e-09,-2.10912021800651,0.022,0.105,4.89719391798267e-05,"ATMIN","ENSG00000166454"
1.59255375772766e-09,-1.97929062214199,0.024,0.11,4.8326043778246e-05,"HSPB2","ENSG00000170276"
1.52907957048959e-09,-2.09497603568624,0.022,0.105,4.63999195665066e-05,"DPP4","ENSG00000197635"
1.46507938052673e-09,-1.28142484766473,0.137,0.301,4.44578338020838e-05,"PRCP","ENSG00000137509"
1.4349604658913e-09,-1.67938883358463,0.05,0.164,4.35438753374716e-05,"VIT","ENSG00000205221"
1.40669180872028e-09,-1.69319463310966,0.038,0.142,4.26860629356168e-05,"SGCE","ENSG00000127990"
1.33770760186225e-09,-2.58627942919315,0.008,0.068,4.059273717851e-05,"EDNRB","ENSG00000136160"
1.33507262079034e-09,-1.42278069691027,0.057,0.178,4.0512778677883e-05,"SUPT4H1","ENSG00000213246"
1.30259967150227e-09,-2.08877976972233,0.044,0.151,3.95273870317365e-05,"BNIP3","ENSG00000176171"
1.29611936906842e-09,-1.46763493269453,0.052,0.169,3.93307422543813e-05,"CREBZF","ENSG00000137504"
1.27846383675731e-09,-1.45859687625424,0.082,0.219,3.87949851264006e-05,"CCDC50","ENSG00000152492"
1.21568359453109e-09,-2.46526402823178,0.039,0.142,3.68899186760459e-05,"CFAP69","ENSG00000105792"
1.17705721180413e-09,-1.4837096955526,0.04,0.146,3.57178010921963e-05,"UNC50","ENSG00000115446"
1.16737339452743e-09,-2.07813252552282,0.026,0.114,3.54239456569348e-05,"ANTKMT","ENSG00000103254"
1.11178300332187e-09,-2.78267664199665,0.013,0.082,3.37370552358022e-05,"OLFML2A","ENSG00000185585"
1.05505095210595e-09,-1.29858296912508,0.075,0.21,3.2015521141655e-05,"SYPL1","ENSG00000008282"
1.00249579296624e-09,-1.13654430916621,0.19,0.374,3.04207348375604e-05,"TFPI","ENSG00000003436"
9.89991876025948e-10,-1.14055272584316,0.142,0.311,3.00413034780074e-05,"DDX39B","ENSG00000198563"
9.57630581629255e-10,-1.27039314109362,0.083,0.224,2.90592999995397e-05,"TAF7","ENSG00000178913"
9.31559127763766e-10,-1.71443578068383,0.045,0.155,2.82681617319915e-05,"UBE2M","ENSG00000130725"
9.28283125853255e-10,-1.32324502335935,0.134,0.297,2.8168751454017e-05,"PHF3","ENSG00000118482"
8.54155635139068e-10,-2.54188530983469,0.032,0.128,2.5919352748295e-05,"EPB41L4A","ENSG00000129595"
8.45287467665929e-10,-1.62280530521826,0.068,0.196,2.56502482063226e-05,"CYB5A","ENSG00000166347"
8.26411430337121e-10,-1.1058274174382,0.119,0.279,2.50774548535799e-05,"ATP5F1C","ENSG00000165629"
8.09912634809031e-10,-1.59285208311663,0.042,0.151,2.457679890328e-05,"TNFSF10","ENSG00000121858"
7.59657180381675e-10,-4.01440692791243,0.026,0.114,2.30517971386819e-05,"NAV3","ENSG00000067798"
7.40630275147997e-10,-1.61012617114751,0.106,0.256,2.2474425699366e-05,"FABP5","ENSG00000164687"
7.2038864541591e-10,-2.1492156235843,0.061,0.183,2.18601934451458e-05,"RBPMS","ENSG00000157110"
7.0347737118095e-10,-2.02368474150045,0.021,0.105,2.13470208284859e-05,"BMP5","ENSG00000112175"
6.61612768203169e-10,-1.46222143650816,0.058,0.183,2.00766394511252e-05,"MFSD10","ENSG00000109736"
6.54286497548618e-10,-1.58627942919315,0.064,0.192,1.98543237681128e-05,"LMO2","ENSG00000135363"
6.0667134119999e-10,-2.62809960488777,0.009,0.073,1.84094418487137e-05,"B4GALT3","ENSG00000158850"
6.04202785387747e-10,-1.30586294513112,0.193,0.374,1.83345335225912e-05,"PDGFRA","ENSG00000134853"
5.936511325755e-10,-1.30121871702935,0.076,0.215,1.80143436180035e-05,"NOL7","ENSG00000225921"
5.76943519746571e-10,-1.33289519339307,0.093,0.242,1.75073511067097e-05,"CDV3","ENSG00000091527"
5.56510448500951e-10,-1.60954920851599,0.048,0.164,1.68873095597614e-05,"FBLN5","ENSG00000140092"
5.36347656773644e-10,-1.08484028403427,0.15,0.329,1.62754696447962e-05,"HMGN2","ENSG00000198830"
5.13882025577717e-10,-1.15623750529934,0.145,0.32,1.55937500661558e-05,"BCL6","ENSG00000113916"
5.08945781346991e-10,-1.97810953731067,0.033,0.132,1.54439597349745e-05,"RFNG","ENSG00000169733"
4.55066298126476e-10,-1.15490801882023,0.15,0.329,1.38089868166479e-05,"PNN","ENSG00000100941"
4.25522882931905e-10,-3.70175664661308,0.003,0.05,1.29124918825687e-05,"ARHGEF15","ENSG00000198844"
4.0496747782819e-10,-1.42758168317409,0.055,0.178,1.22887381146964e-05,"TWF2","ENSG00000247596"
3.58999188016456e-10,-1.79273030666057,0.032,0.132,1.08938303603593e-05,"GCHFR","ENSG00000137880"
3.54685585169701e-10,-1.90820752408051,0.036,0.142,1.07629340819746e-05,"GLOD4","ENSG00000167699"
3.54581700817578e-10,-2.02575114678219,0.09,0.233,1.07597817113094e-05,"PHLDB2","ENSG00000144824"
3.33669765316757e-10,-2.8086718505296,0.004,0.055,1.0125209028537e-05,"AFAP1L1","ENSG00000157510"
3.23795267043955e-10,-2.66428194119442,0.007,0.068,9.82556737844882e-06,"ITGB4","ENSG00000132470"
3.15846548833805e-10,-1.20295078964164,0.047,0.164,9.58436352436183e-06,"ILF3-DT","ENSG00000267100"
2.9414645506416e-10,-3.8086718505296,0.004,0.055,8.92587417892192e-06,"HSPA12B","ENSG00000132622"
2.87061626525883e-10,-2.60703798935994,0.01,0.078,8.71088505692791e-06,"ADAMTS4","ENSG00000158859"
2.86685982173445e-10,-1.09513895082851,0.132,0.306,8.69948612905318e-06,"TPM1","ENSG00000140416"
2.83009328745435e-10,-1.07531750991577,0.125,0.297,8.58791808078022e-06,"SET","ENSG00000119335"
2.80105820866895e-10,-2.68581510274406,0.01,0.078,8.49981113420594e-06,"TBCC","ENSG00000124659"
2.51433628582553e-10,-2.09376317723659,0.026,0.119,7.62975345933758e-06,"SAP30","ENSG00000164105"
2.21582496666361e-10,-2.11971162927422,0.026,0.119,6.72392086134072e-06,"CFP","ENSG00000126759"
2.10366511145682e-10,-1.56319581608011,0.075,0.215,6.38357178071572e-06,"H6PD","ENSG00000049239"
2.08960529473584e-10,-3.15332002191704,0.005,0.059,6.34090726687589e-06,"DGAT2","ENSG00000062282"
1.90236198364871e-10,-1.85611901293206,0.031,0.132,5.77271743938202e-06,"CCDC69","ENSG00000198624"
1.87406512924572e-10,-1.25568173954672,0.089,0.242,5.68685063469615e-06,"SAT2","ENSG00000141504"
1.83590791276681e-10,-1.40386348356764,0.048,0.169,5.57106256129089e-06,"DDT","ENSG00000099977"
1.79520974601726e-10,-1.83225867084721,0.037,0.146,5.44756397428939e-06,"EXOSC6","ENSG00000223496"
1.69077155780725e-10,-1.32324502335935,0.062,0.196,5.13064629216609e-06,"SFRP1","ENSG00000104332"
1.51512935992054e-10,-1.7382825226382,0.044,0.16,4.59766004267888e-06,"EVA1B","ENSG00000142694"
1.4953127288802e-10,-2.95127624597239,0.008,0.073,4.53752647578697e-06,"TMEM150A","ENSG00000168890"
1.48249452464612e-10,-1.72251520677988,0.078,0.219,4.49862963503864e-06,"LIFR","ENSG00000113594"
1.37496309815878e-10,-1.95401121369363,0.019,0.105,4.17232552136282e-06,"ZDHHC12","ENSG00000160446"
1.32420515674753e-10,-2.44877590544321,0.011,0.082,4.01830054815037e-06,"LMO3","ENSG00000048540"
1.3159078005985e-10,-2.14038096620954,0.031,0.132,3.99312222091615e-06,"DNAJB2","ENSG00000135924"
1.23219502108128e-10,-1.69247883302507,0.072,0.21,3.73909579147114e-06,"SMC3","ENSG00000108055"
1.19424747867192e-10,-3.08877976972233,0.005,0.064,3.62394397402995e-06,"MLPH","ENSG00000115648"
1.14789517572062e-10,-3.32324502335935,0.005,0.064,3.48328791072423e-06,"TC2N","ENSG00000165929"
1.08966316105808e-10,-2.37769280738173,0.017,0.1,3.30658286223075e-06,"ASF1A","ENSG00000111875"
1.06953089749958e-10,-1.02368474150045,0.084,0.237,3.24549150846248e-06,"SCAND1","ENSG00000171222"
9.92881099924167e-11,-1.11058414004068,0.104,0.269,3.01289769771988e-06,"VSIR","ENSG00000107738"
8.39153270197821e-11,-1.35692814961564,0.086,0.237,2.54641059841529e-06,"WBP2","ENSG00000132471"
7.99926269928469e-11,-1.46844293889929,0.057,0.187,2.42737626609794e-06,"RRAGA","ENSG00000155876"
7.58754640915093e-11,-1.13683189912847,0.148,0.338,2.30244095785685e-06,"COL4A2","ENSG00000134871"
7.34148639914756e-11,-2.87073281866185,0.009,0.078,2.22777404782133e-06,"FRAT2","ENSG00000181274"
6.93471351432726e-11,-1.89874719483144,0.032,0.137,2.10433881592261e-06,"CRIPT","ENSG00000119878"
6.8536533421743e-11,-3.01512272799702,0.009,0.078,2.07974110668279e-06,"WNT11","ENSG00000085741"
6.66494358927149e-11,-1.90820752408051,0.032,0.137,2.02247713216443e-06,"CCNG2","ENSG00000138764"
6.6279214409854e-11,-2.8086718505296,0.006,0.068,2.01124276126702e-06,"MEOX1","ENSG00000005102"
6.47684299520269e-11,-3.15332002191704,0.014,0.091,1.96539800689426e-06,"CSRP2","ENSG00000175183"
6.21694650576819e-11,-1.11996142497061,0.1,0.265,1.88653241717536e-06,"PNRC2","ENSG00000189266"
6.16195877173517e-11,-1.78267664199665,0.043,0.16,1.86984638928304e-06,"MRPL28","ENSG00000086504"
5.88637838333355e-11,-1.1216111621897,0.091,0.251,1.78622152042257e-06,"CHMP5","ENSG00000086065"
5.83395308259983e-11,-1.48078630034583,0.058,0.192,1.77031306291492e-06,"DUSP23","ENSG00000158716"
5.61239839002496e-11,-1.62462574084263,0.069,0.21,1.70308229145307e-06,"OGFRL1","ENSG00000119900"
5.46866846844554e-11,-1.20295078964164,0.086,0.242,1.6594674467498e-06,"PHB2","ENSG00000215021"
5.33360110831579e-11,-2.00774319763142,0.038,0.151,1.61848125631843e-06,"CCDC115","ENSG00000136710"
5.26060864325094e-11,-1.84931383502694,0.027,0.128,1.5963316927945e-06,"ANG","ENSG00000214274"
4.83951961823345e-11,-1.61027491026213,0.096,0.251,1.46855222815294e-06,"IER5L","ENSG00000188483"
3.74169158291743e-11,-1.57742851161088,0.07,0.215,1.13541631083629e-06,"PCYOX1","ENSG00000116005"
3.66040121397958e-11,-3.76381761474533,0.003,0.055,1.11074874838211e-06,"GATA2","ENSG00000179348"
3.34311196895451e-11,-4.5456374446958,0.001,0.046,1.01446732697925e-06,"CLEC4E","ENSG00000166523"
3.28573654160132e-11,-2.97532171993905,0.007,0.073,9.97056753548921e-07,"SHANK3","ENSG00000251322"
3.2333615091151e-11,-5.43872224077929,0.001,0.046,9.81163549940978e-07,"","ENSG00000253901"
3.23236681925674e-11,-4.90820752408051,0.001,0.046,9.80861711303458e-07,"PCDHB2","ENSG00000112852"
3.14128048500499e-11,-1.20018662695502,0.079,0.233,9.53221563174765e-07,"NFIL3","ENSG00000165030"
3.08529543472947e-11,-2.90820752408051,0.01,0.082,9.36232899668659e-07,"PRKY","ENSG00000099725"
2.92714515814056e-11,-1.83514406189079,0.064,0.201,8.88242198237752e-07,"HLA-F","ENSG00000204642"
2.65397333462408e-11,-1.10407650289719,0.076,0.228,8.05348208391677e-07,"SMIM26","ENSG00000232388"
2.18656906646073e-11,-2.23835612577284,0.019,0.11,6.63514383217509e-07,"CPXM2","ENSG00000121898"
2.04964234501732e-11,-1.49317002480167,0.103,0.269,6.21963969595505e-07,"SUN2","ENSG00000100242"
1.92940785433633e-11,-1.68079702797744,0.073,0.219,5.85478813398359e-07,"CLEC2B","ENSG00000110852"
1.90401006086086e-11,-3.46074854710929,0.005,0.064,5.77771852968229e-07,"FAM107A","ENSG00000168309"
1.88633770982106e-11,-1.06312221294546,0.156,0.356,5.72409178045201e-07,"MYL9","ENSG00000101335"
1.88302453820977e-11,-1.4752481168044,0.092,0.251,5.71403796119754e-07,"CNN3","ENSG00000117519"
1.79203566397819e-11,-2.12530564574744,0.026,0.128,5.43793222234181e-07,"CHST7","ENSG00000147119"
1.78357670149695e-11,-3.82574536388854,0.005,0.064,5.41226350069248e-07,"INHBB","ENSG00000163083"
1.76802275394633e-11,-1.48530178146833,0.095,0.256,5.36506504685015e-07,"KRT10","ENSG00000186395"
1.76777035807319e-11,-1.12460120479551,0.132,0.32,5.36429915157309e-07,"NDRG1","ENSG00000104419"
1.72680787928902e-11,-1.68705719928302,0.07,0.215,5.23999850970255e-07,"CITED2","ENSG00000164442"
1.6824398803533e-11,-1.35759652815013,0.087,0.247,5.10536381693208e-07,"MEDAG","ENSG00000102802"
1.63724150750409e-11,-2.03106427186604,0.041,0.16,4.96820935452116e-07,"CD34","ENSG00000174059"
1.62246773841747e-11,-1.79273030666057,0.047,0.174,4.92337835222781e-07,"COL15A1","ENSG00000204291"
1.46861520196894e-11,-2.86381340472206,0.019,0.11,4.45651283037475e-07,"RIPOR3","ENSG00000042062"
1.41783012312372e-11,-1.87426019215717,0.057,0.192,4.30240550861894e-07,"NAIP","ENSG00000249437"
1.3629065758133e-11,-2.54756232162029,0.048,0.174,4.13574000430545e-07,"NLGN1","ENSG00000169760"
1.15764676727862e-11,-1.15818577708886,0.338,0.534,3.51287911530696e-07,"MYL12A","ENSG00000101608"
1.1366437498857e-11,-1.56074433708601,0.063,0.205,3.44914545902815e-07,"SPSB3","ENSG00000162032"
1.0996477379952e-11,-1.89623488241443,0.072,0.224,3.33688106094643e-07,"TM4SF1","ENSG00000169908"
1.0498552814804e-11,-2.04761058074593,0.034,0.146,3.18578585165229e-07,"ABTB1","ENSG00000114626"
9.22566444217387e-12,-1.39278595661243,0.103,0.274,2.79952787497766e-07,"SERINC3","ENSG00000132824"
9.19462726694547e-12,-1.77070400033057,0.051,0.183,2.7901096441546e-07,"CD248","ENSG00000174807"
9.15208744819210e-12,-1.59389261330302,0.088,0.247,2.77720093615389e-07,"HDAC7","ENSG00000061273"
9.07344383885906e-12,-1.24758075342728,0.171,0.37,2.75333653290178e-07,"SRRM1","ENSG00000133226"
8.85737041476645e-12,-1.14453913637483,0.13,0.32,2.68776905236088e-07,"PABPN1","ENSG00000100836"
8.31276195889902e-12,-1.09376317723659,0.161,0.365,2.52250761642791e-07,"SF1","ENSG00000168066"
8.03432533481971e-12,-3.23344835300871,0.086,0.242,2.43801602285104e-07,"PCSK5","ENSG00000099139"
7.89050418882162e-12,-2.46074854710929,0.022,0.119,2.39437349609792e-07,"DIO3OS","ENSG00000258498"
7.88250442448789e-12,-2.1216111621897,0.029,0.137,2.39194596761085e-07,"MTURN","ENSG00000180354"
7.21362141435053e-12,-1.53110622268535,0.712,0.74,2.18897341818467e-07,"FOS","ENSG00000170345"
7.07758549461991e-12,-2.24194492125751,0.045,0.169,2.14769331834241e-07,"LMCD1","ENSG00000071282"
6.65225149404821e-12,-1.84325208223974,0.033,0.146,2.01862571586893e-07,"LARP6","ENSG00000166173"
6.56176386022334e-12,-1.74855085809202,0.041,0.164,1.99116724338477e-07,"PPL","ENSG00000118898"
6.37547083159213e-12,-3.62280530521826,0.006,0.073,1.93463662384663e-07,"RAPGEF5","ENSG00000136237"
5.96124382727465e-12,-2.35125939952895,0.036,0.151,1.80893943938649e-07,"MID1IP1","ENSG00000165175"
4.60735554197709e-12,-1.44492357994761,0.09,0.256,1.39810203921295e-07,"HSD17B11","ENSG00000198189"
4.24582381393319e-12,-1.63571278899765,0.078,0.233,1.28839523633803e-07,"PALMD","ENSG00000099260"
3.75738615476027e-12,-1.94773588826715,0.028,0.137,1.140178828662e-07,"SEPHS2","ENSG00000179918"
3.26108238996662e-12,-1.87186567701679,0.038,0.16,9.89575451235371e-08,"DCXR","ENSG00000169738"
3.1380900929401e-12,-1.79968306730234,0.045,0.174,9.52253438702674e-08,"MAP1LC3A","ENSG00000101460"
3.11162024619253e-12,-1.66672926161316,0.056,0.196,9.44221163707123e-08,"HLA-DQA2","ENSG00000237541"
2.70933291220009e-12,-3.26184447869521,0.013,0.096,8.22147072207117e-08,"LBP","ENSG00000129988"
2.55454679586189e-12,-1.8173540936294,0.051,0.187,7.7517722520429e-08,"IRS2","ENSG00000185950"
2.51332715276749e-12,-3.82574536388854,0.004,0.064,7.62669124507295e-08,"PNMT","ENSG00000141744"
2.46676100868567e-12,-5.23013561896787,0.001,0.05,7.48538628085666e-08,"PEAR1","ENSG00000187800"
2.42767162314924e-12,-1.61275164055434,0.063,0.21,7.36676954044638e-08,"NHP2","ENSG00000145912"
2.40321689930241e-12,-2.57478379035532,0.008,0.082,7.29256168093315e-08,"CYYR1","ENSG00000166265"
2.27162693124456e-12,-1.36631374525124,0.109,0.288,6.89325192286162e-08,"IL1R1","ENSG00000115594"
2.0207862309648e-12,-1.24092129765781,0.407,0.639,6.13207581786269e-08,"CELF2","ENSG00000048740"
1.94622680468275e-12,-1.34162355267421,0.081,0.247,5.9058252388098e-08,"PIM3","ENSG00000198355"
1.86037942626407e-12,-2.85929792359956,0.011,0.091,5.64532136899832e-08,"PLAT","ENSG00000104368"
1.64724643430692e-12,-3.18574149960942,0.016,0.105,4.99856930490434e-08,"CCDC85A","ENSG00000055813"
1.2955061182306e-12,-1.11058414004068,0.202,0.425,3.93121331577075e-08,"SESTD1","ENSG00000187231"
1.28615433994301e-12,-1.43652584876542,0.275,0.507,3.90283534455708e-08,"RNASE1","ENSG00000129538"
1.21110668614449e-12,-2.37571244325349,0.018,0.114,3.67510323910546e-08,"ACVRL1","ENSG00000139567"
1.11679838712574e-12,-3.47008641168862,0.005,0.073,3.38892470573305e-08,"","ENSG00000231424"
1.04740986968291e-12,-4.01130101704461,0.005,0.073,3.17836524955281e-08,"AOC3","ENSG00000131471"
1.0429667646392e-12,-2.88618121775051,0.026,0.132,3.16488264729765e-08,"ABCC9","ENSG00000069431"
9.85831238727778e-13,-1.75556051407003,0.099,0.274,2.99150489391944e-08,"MMP14","ENSG00000157227"
8.14789941413626e-13,-1.81262986409828,0.058,0.205,2.47248007721965e-08,"HMGB2","ENSG00000164104"
7.06114336169555e-13,-1.51346743903489,0.079,0.247,2.14270395310651e-08,"ARL4A","ENSG00000122644"
6.40076165830782e-13,-2.28762111362863,0.026,0.137,1.94231112521351e-08,"RHOU","ENSG00000116574"
4.75061413536224e-13,-2.58627942919315,0.026,0.137,1.44157385937567e-08,"","ENSG00000273702"
4.05024075377374e-13,-2.32324502335935,0.032,0.151,1.22904555673264e-08,"GIMAP4","ENSG00000133574"
3.68524700255259e-13,-1.63874684908728,0.059,0.21,1.11828820292458e-08,"MAF1","ENSG00000179632"
2.63221933612525e-13,-2.65766406242991,0.011,0.096,7.98746957547206e-09,"IGFBP2","ENSG00000115457"
2.63051591045828e-13,-1.80722987635569,0.239,0.443,7.98230053028566e-09,"SOCS3","ENSG00000184557"
2.54068465611906e-13,-1.83185663795039,0.069,0.228,7.70970758899328e-09,"TNS2","ENSG00000111077"
2.42233975255259e-13,-1.5204773707974,0.091,0.269,7.35058997912083e-09,"PER1","ENSG00000179094"
2.39623181965753e-13,-2.32324502335935,0.026,0.137,7.27136545675076e-09,"THRA","ENSG00000126351"
2.27674761986471e-13,-2.30248646319256,0.099,0.279,6.90879065247946e-09,"S100A9","ENSG00000163220"
2.02664424751767e-13,-1.18122601848693,0.179,0.402,6.14985196909238e-09,"IL6ST","ENSG00000134352"
1.5509791042467e-13,-1.74950977806145,0.061,0.215,4.7064460918366e-09,"CALCRL","ENSG00000064989"
1.5382114677715e-13,-2.45817460344546,0.031,0.151,4.66770269895261e-09,"HTRA3","ENSG00000170801"
1.30072326329584e-13,-1.59835226149372,0.075,0.242,3.94704474247124e-09,"SMDT1","ENSG00000183172"
1.11012005176852e-13,-1.55407507770193,0.305,0.543,3.36865929709156e-09,"FBN1","ENSG00000166147"
1.09471069163783e-13,-2.75723162543919,0.051,0.196,3.32189959377499e-09,"CXCL14","ENSG00000145824"
1.09391105051093e-13,-1.4752481168044,0.09,0.274,3.31947308277542e-09,"TAGLN","ENSG00000149591"
1.04153664873363e-13,-3.78267664199665,0.005,0.078,3.16054296058221e-09,"VEGFD","ENSG00000165197"
9.82836490054237e-14,-1.30617151000041,0.102,0.292,2.98241732906958e-09,"COX7A2L","ENSG00000115944"
9.69238945212355e-14,-4.02368474150045,0.009,0.091,2.94115557924689e-09,"MYOC","ENSG00000034971"
9.52540566935399e-14,-6.13059994541696,0,0.05,2.89048435036547e-09,"CORO6","ENSG00000167549"
8.40993221762214e-14,-1.07047895297939,0.327,0.562,2.55199393143744e-09,"CCNL1","ENSG00000163660"
8.34575054455428e-14,-3.7382825226382,0.009,0.091,2.532518002745e-09,"GPD1","ENSG00000167588"
8.06736823943035e-14,-3.62022676111648,0.018,0.119,2.44804289225514e-09,"","ENSG00000225689"
7.72791407735024e-14,-2.4752481168044,0.036,0.164,2.34503552677193e-09,"RNASE6","ENSG00000169413"
5.65249887931252e-14,-2.45252804030432,0.017,0.119,1.71525078492739e-09,"PERP","ENSG00000112378"
5.42351978038961e-14,-1.83420694263673,0.046,0.187,1.64576707735923e-09,"CAV2","ENSG00000105971"
4.57712577755787e-14,-1.57653145264158,0.097,0.288,1.38892881719994e-09,"C1orf21","ENSG00000116667"
4.32296467898252e-14,-2.20125449898074,0.024,0.137,1.31180363183725e-09,"","ENSG00000280071"
3.65583003862114e-14,-1.36171917117399,0.102,0.297,1.10936162521958e-09,"TRAPPC5","ENSG00000181029"
2.85407739383406e-14,-1.95848073056173,0.068,0.233,8.66069785158946e-10,"SNHG7","ENSG00000233016"
2.73652647375457e-14,-2.5135762354635,0.053,0.201,8.30398958460825e-10,"NPDC1","ENSG00000107281"
2.60504911987676e-14,-3.11679414589193,0.011,0.1,7.90502155426604e-10,"SLC66A1L","ENSG00000174899"
2.30973176328936e-14,-1.81029376755359,0.086,0.265,7.00888103570157e-10,"G0S2","ENSG00000123689"
2.04097149915015e-14,-4.71556244613811,0.003,0.068,6.19332801417114e-10,"LRG1","ENSG00000171236"
1.98564651795585e-14,-3.82574536388854,0.004,0.073,6.02544435873703e-10,"HRCT1","ENSG00000196196"
1.9850210798863e-14,-2.06285533878112,0.109,0.297,6.02354646691497e-10,"LYVE1","ENSG00000133800"
1.96995453432831e-14,-4.98621003608178,0.002,0.064,5.97782703441925e-10,"NEURL1B","ENSG00000214357"
1.8872724905314e-14,-1.37803749619973,0.174,0.406,5.72692837251753e-10,"LYST","ENSG00000143669"
1.7710672034741e-14,-1.47163686325202,0.089,0.274,5.37430342894215e-10,"PALM2AKAP2","ENSG00000157654"
1.75232012714414e-14,-1.30099221651223,0.39,0.616,5.3174154258189e-10,"IGFBP7","ENSG00000163453"
1.71692876039447e-14,-1.5895250886968,0.066,0.233,5.21002032341702e-10,"PTGFR","ENSG00000122420"
1.68391989626322e-14,-2.76136613575124,0.016,0.119,5.10985492521075e-10,"APOLD1","ENSG00000178878"
1.53653699704127e-14,-1.63518902967409,0.073,0.247,4.66262151752173e-10,"ORMDL1","ENSG00000128699"
1.46967139201781e-14,-2.45651155422282,0.023,0.137,4.45971783907804e-10,"RAMP2-AS1","ENSG00000197291"
1.45193718301243e-14,-5.32324502335935,0.001,0.059,4.40590338185122e-10,"ADGRG1","ENSG00000205336"
1.38918458877996e-14,-1.48883108907733,0.089,0.274,4.21548063465279e-10,"LRP10","ENSG00000197324"
1.38590626132734e-14,-1.74977816147603,0.074,0.247,4.20553254999783e-10,"ATP2B1-AS1","ENSG00000271614"
1.02648312545336e-14,-2.71403497639152,0.015,0.114,3.11486304418821e-10,"ADAMTS9","ENSG00000163638"
9.24346986897227e-15,-1.55853443871024,0.103,0.297,2.80493093173963e-10,"STOM","ENSG00000148175"
8.8939006826004e-15,-2.40416501874292,0.027,0.151,2.69885416213509e-10,"PTGIS","ENSG00000124212"
7.68657019418612e-15,-1.98719582022734,0.043,0.187,2.33248972542578e-10,"PODN","ENSG00000174348"
6.4189046773524e-15,-1.10980588630106,0.318,0.566,1.94781662434258e-10,"IFI16","ENSG00000163565"
6.29216406934422e-15,-1.32324502335935,0.311,0.571,1.9093571868425e-10,"IER2","ENSG00000160888"
6.00767345422816e-15,-3.04571104783044,0.013,0.11,1.82302850968553e-10,"IL33","ENSG00000137033"
5.67787726869011e-15,-2.38336601579692,0.031,0.16,1.72295185718401e-10,"AGTR1","ENSG00000144891"
5.50850580589317e-15,-1.61189696337242,0.237,0.47,1.67155608679828e-10,"MAFB","ENSG00000204103"
3.78871802305378e-15,-1.04461376247454,0.141,0.374,1.14968648409567e-10,"PRDX6","ENSG00000117592"
2.79015915965e-15,-2.0067713585641,0.042,0.187,8.46673796995792e-11,"MPST","ENSG00000128309"
2.77380986128147e-15,-1.19425858263928,0.171,0.411,8.41712602405862e-11,"SNX3","ENSG00000112335"
2.02983574765279e-15,-1.33492682840699,0.128,0.347,6.15953657625239e-11,"GYPC","ENSG00000136732"
1.90873638204882e-15,-4.06021061752556,0.003,0.073,5.79206055132713e-11,"TSPAN8","ENSG00000127324"
1.79062360527847e-15,-5.70571466018177,0.003,0.073,5.4336473302175e-11,"ANGPTL7","ENSG00000171819"
1.79055337505503e-15,-2.06948843111357,0.047,0.201,5.43343421660448e-11,"ARHGAP29","ENSG00000137962"
1.65428901835076e-15,-4.19771414127549,0.002,0.068,5.01994002618538e-11,"DIPK2B","ENSG00000147113"
1.61187923390132e-15,-1.90178125492108,0.089,0.279,4.89124753527355e-11,"YAP1","ENSG00000137693"
1.36798975470391e-15,-3.67688197797405,0.005,0.082,4.15116491064902e-11,"MYCT1","ENSG00000120279"
1.22428951625957e-15,-2.96960806874465,0.015,0.119,3.71510653708966e-11,"BCAM","ENSG00000187244"
1.04447420967354e-15,-3.524878884529,0.005,0.087,3.16945698925436e-11,"ECSCR","ENSG00000249751"
9.75321266141533e-16,-1.72179439984963,0.089,0.283,2.95961238210648e-11,"CTSH","ENSG00000103811"
6.55463771099846e-16,-2.86381340472206,0.016,0.123,1.98900481340248e-11,"TNFRSF6B","ENSG00000243509"
6.28373207021032e-16,-1.29530814685623,0.191,0.443,1.90679849670532e-11,"FKBP5","ENSG00000096060"
5.39199755643245e-16,-6.13059994541696,0,0.059,1.63620165849943e-11,"KLF15","ENSG00000163884"
5.3884482512063e-16,-6.41070786460969,0,0.059,1.63512462182855e-11,"SOX7","ENSG00000171056"
3.70524350144507e-16,-2.0986847653402,0.062,0.237,1.12435614051351e-11,"SOD3","ENSG00000109610"
3.53511111195254e-16,-2.62809960488777,0.026,0.155,1.072729466922e-11,"LYL1","ENSG00000104903"
3.29122619940502e-16,-3.25169176233432,0.018,0.132,9.98722590209454e-12,"TTTY14","ENSG00000176728"
3.18643891351057e-16,-2.46909588982281,0.021,0.142,9.66924888304783e-12,"ADGRL4","ENSG00000162618"
2.9907168660424e-16,-1.18494200109027,0.18,0.434,9.07533033000565e-12,"PCBP1","ENSG00000169564"
2.18290889266859e-16,-1.46636996545795,0.1,0.311,6.62403703480283e-12,"VAMP2","ENSG00000220205"
2.00224065417229e-16,-1.93229314260482,0.085,0.279,6.0757992650858e-12,"SLC2A3","ENSG00000059804"
1.6642838082407e-16,-1.97274777627522,0.046,0.205,5.05026921610642e-12,"RASD1","ENSG00000108551"
1.62276423351772e-16,-1.06150393454708,0.113,0.342,4.92427806660952e-12,"FXYD1","ENSG00000266964"
1.46420535058985e-16,-1.59263492423297,0.146,0.379,4.4431311363649e-12,"BTG2","ENSG00000159388"
1.17269930098367e-16,-3.12434095494527,0.047,0.201,3.55855602883495e-12,"SCD","ENSG00000099194"
1.14444798664613e-16,-5.13059994541696,0.004,0.082,3.47282741547768e-12,"KIF5C-AS1","ENSG00000231079"
9.7851113334512e-17,-1.65230929952834,0.183,0.425,2.96929203413577e-12,"A2M","ENSG00000175899"
9.49865036465461e-17,-1.51856920149763,0.139,0.37,2.88236545315444e-12,"LAMC1","ENSG00000135862"
8.75034086100281e-17,-3.75620443063546,0.005,0.091,2.6552909342713e-12,"EIF1AY","ENSG00000198692"
7.75086318591092e-17,-1.35762060296037,0.313,0.584,2.35199943376467e-12,"HNRNPU","ENSG00000153187"
7.34230930130411e-17,-1.47701720965746,0.214,0.466,2.22802375748073e-12,"HLA-DRB5","ENSG00000198502"
6.78460072399591e-17,-3.81657704861494,0.026,0.155,2.05878708969656e-12,"KCND2","ENSG00000184408"
6.06032162861383e-17,-1.79362555648197,0.11,0.324,1.83900459820287e-12,"TMT1A","ENSG00000185432"
5.60118667209816e-17,-3.05194300154196,0.02,0.142,1.69968009564819e-12,"RAMP3","ENSG00000122679"
5.34788984942256e-17,-2.67688197797405,0.026,0.16,1.62281717480728e-12,"MAOA","ENSG00000189221"
4.1108837183145e-17,-1.57086998987074,0.157,0.397,1.24744766432254e-12,"CHASERR","ENSG00000272888"
3.59632498230469e-17,-3.12294637287352,0.028,0.164,1.09130481588036e-12,"","ENSG00000230333"
3.37432124794519e-17,-3.28260303886201,0.011,0.114,1.02393778268897e-12,"ADCY4","ENSG00000129467"
2.81842197999847e-17,-2.35153406779078,0.061,0.237,8.55250149830536e-13,"SYNE2","ENSG00000054654"
2.50820759403521e-17,-1.75387937768922,0.119,0.352,7.61115594409984e-13,"DDIT4","ENSG00000168209"
2.17337410875097e-17,-1.27637841832138,0.12,0.356,6.59510373300482e-13,"MZT2B","ENSG00000152082"
1.33647366041328e-17,-2.53474912855306,0.02,0.146,4.05552932252409e-13,"TIMP4","ENSG00000157150"
1.19931796355133e-17,-4.13059994541696,0.003,0.082,3.6393303603965e-13,"SPNS2","ENSG00000183018"
9.1090096469828e-18,-4.68581510274406,0.005,0.091,2.76412897737693e-13,"MUSTN1","ENSG00000272573"
7.78575434600455e-18,-2.21632981944284,0.021,0.151,2.36258715629508e-13,"SERPINA3","ENSG00000196136"
5.07722477365373e-18,-2.86381340472206,0.023,0.155,1.54068385756522e-13,"TSKU","ENSG00000182704"
4.98171051116127e-18,-1.00897824268542,0.73,0.854,1.51170005461189e-13,"RPS2","ENSG00000140988"
3.64783727963787e-18,-1.25757810571036,0.221,0.502,1.10693622250611e-13,"GNAI2","ENSG00000114353"
2.84570198086277e-18,-1.20222962239799,0.259,0.553,8.63528266092809e-14,"TGFBR3","ENSG00000069702"
2.79800168768507e-18,-1.04872804947827,0.289,0.621,8.49053612128036e-14,"GLUL","ENSG00000135821"
2.22022687249983e-18,-2.01370065292782,0.103,0.32,6.73727844460074e-14,"CD302","ENSG00000241399"
1.84452708553849e-18,-2.86240383446738,0.045,0.21,5.59721744106654e-14,"NHERF2","ENSG00000065054"
8.14093861775363e-19,-1.00842965466656,0.25,0.566,2.47036782355734e-14,"SERPINF1","ENSG00000132386"
7.4047934828738e-19,-1.14700624798484,0.283,0.598,2.24698458237805e-14,"TSC22D3","ENSG00000157514"
7.37442986364745e-19,-4.59626351776577,0.005,0.096,2.23777074212382e-14,"HIF3A","ENSG00000124440"
7.11709208752098e-19,-1.39035921921789,0.574,0.735,2.15968159395824e-14,"HLA-E","ENSG00000204592"
5.75053371935124e-19,-4.19771414127549,0.01,0.119,1.74499945713713e-14,"ADH1C","ENSG00000248144"
4.75443786362017e-19,-3.81800971510893,0.006,0.105,1.44273416971554e-14,"ESAM","ENSG00000149564"
3.92600680700367e-19,-3.32324502335935,0.011,0.123,1.19134676558526e-14,"FMO2","ENSG00000094963"
2.70120865715238e-19,-3.02368474150045,0.015,0.137,8.19681767012891e-15,"SNCG","ENSG00000173267"
2.5095829981993e-19,-2.91968030852446,0.093,0.306,7.61532960803576e-15,"CHI3L1","ENSG00000133048"
2.27377726466794e-19,-6.90820752408051,0,0.073,6.89977710963487e-15,"FAM110D","ENSG00000197245"
1.94837183062973e-19,-1.23477623549704,0.289,0.594,5.91233432004591e-15,"SRSF5","ENSG00000100650"
1.60540947277853e-19,-3.70175664661308,0.012,0.128,4.87161504514645e-15,"OLFM1","ENSG00000130558"
1.53991026940263e-19,-1.26290211766872,0.227,0.521,4.67285771250229e-15,"NOP53","ENSG00000105373"
1.4742148543323e-19,-2.69002735403098,0.033,0.192,4.47350497547135e-15,"CCL14","ENSG00000276409"
1.44294243549138e-19,-4.81800971510893,0.008,0.114,4.3786088204986e-15,"LVRN","ENSG00000172901"
1.3811996066573e-19,-2.44742443458008,0.031,0.187,4.19125020640157e-15,"SLPI","ENSG00000124107"
1.33679175564546e-19,-3.57958477661914,0.009,0.119,4.05649458250616e-15,"LRRC32","ENSG00000137507"
1.04859293033081e-19,-1.72024859980794,0.151,0.416,3.18195524708884e-15,"MT1M","ENSG00000205364"
9.70181534313628e-20,-2.95711712456146,0.018,0.151,2.9440158658747e-15,"LMOD1","ENSG00000163431"
7.22967666438872e-20,-2.15750781888047,0.058,0.251,2.19384538380876e-15,"ITM2A","ENSG00000078596"
5.64532848154187e-20,-2.17386739932113,0.028,0.183,1.71307492772388e-15,"GGT5","ENSG00000099998"
5.34031319284861e-20,-4.27744133374623,0.005,0.105,1.62051803836991e-15,"CAVIN2","ENSG00000168497"
4.39673751978912e-20,-2.20009679258649,0.078,0.292,1.33419000038001e-15,"PNPLA2","ENSG00000177666"
4.36228588211513e-20,-2.77070400033057,0.024,0.169,1.32373565092784e-15,"NR1D1","ENSG00000126368"
3.64249461154725e-20,-1.34776734249342,0.37,0.703,1.10531498987401e-15,"MMP2","ENSG00000087245"
1.88208644192566e-20,-2.14179815202182,0.08,0.297,5.71119130802341e-16,"YPEL3","ENSG00000090238"
1.62505609647936e-20,-2.94943018680702,0.032,0.192,4.93123272476662e-16,"HYAL2","ENSG00000068001"
9.86505104520867e-21,-1.11481427589749,0.302,0.635,2.99354973966857e-16,"RAC1","ENSG00000136238"
8.05801233091853e-21,-3.78267664199665,0.016,0.146,2.44520384181723e-16,"PLIN1","ENSG00000166819"
7.89579209148292e-21,-4.07688935867219,0.013,0.137,2.39597811016049e-16,"SELE","ENSG00000007908"
7.0616301942084e-21,-3.84680697941637,0.004,0.1,2.14285168243254e-16,"ACADL","ENSG00000115361"
6.61390339293016e-21,-3.5456374446958,0.01,0.128,2.00698898458466e-16,"H1-2","ENSG00000187837"
6.33907172441405e-21,-1.62686123996977,0.127,0.388,1.92359131477344e-16,"LEPROT","ENSG00000213625"
6.25318503580076e-21,-4.27077760346522,0.004,0.1,1.89752899911374e-16,"SLCO2A1","ENSG00000174640"
6.16883990376077e-21,-2.93991638380785,0.011,0.132,1.87193446879621e-16,"PCAT19","ENSG00000267107"
6.14166322368931e-21,-2.35843445182165,0.045,0.228,1.86368770522852e-16,"CDKN1C","ENSG00000129757"
4.97716698386093e-21,-1.70253857161901,0.652,0.776,1.5103213212526e-16,"JUN","ENSG00000177606"
3.9552773774915e-21,-1.67890397555927,0.115,0.37,1.2002289201998e-16,"ATP5F1D","ENSG00000099624"
3.60690268345979e-21,-2.24010378805911,0.09,0.315,1.09451461929587e-16,"NCKAP1","ENSG00000061676"
2.79639723268358e-21,-2.49608162022157,0.031,0.196,8.48566740257831e-17,"SRPX","ENSG00000101955"
2.64086475164257e-21,-6.41070786460969,0.001,0.087,8.01370408885937e-17,"LCN6","ENSG00000267206"
2.31907198671755e-21,-1.99959018375252,0.103,0.347,7.03722394369439e-17,"PDK4","ENSG00000004799"
1.26740552569188e-21,-2.46763493269453,0.016,0.155,3.845942067712e-17,"FIBIN","ENSG00000176971"
1.26662958743323e-21,-7.36763914271781,0,0.082,3.84358748306613e-17,"SOX17","ENSG00000164736"
4.85100153498557e-22,-1.26675783201288,0.235,0.571,1.47203641579137e-17,"PNRC1","ENSG00000146278"
4.15279971707848e-22,-4.64517311824672,0.005,0.11,1.26016707414746e-17,"KDM5D","ENSG00000012817"
3.50096028057688e-22,-3.39363435125075,0.032,0.201,1.06236639714105e-17,"SPRY1","ENSG00000164056"
3.44676932817195e-22,-1.16751940896078,0.271,0.63,1.04592215263378e-17,"CEBPB","ENSG00000172216"
4.23243572004485e-23,-1.45692345859132,0.208,0.521,1.28433261924761e-18,"SRSF3","ENSG00000112081"
3.96844138381312e-23,-4.6967034188868,0.004,0.11,1.20422353791809e-18,"SOX18","ENSG00000203883"
3.06529971668416e-23,-2.65766406242991,0.027,0.196,9.3016519902781e-19,"PCDH18","ENSG00000189184"
2.97024729392017e-23,-2.7382825226382,0.029,0.201,9.01321541340075e-19,"CYGB","ENSG00000161544"
2.3591995864745e-23,-1.97891051542371,0.1,0.356,7.15899114515686e-19,"IFNGR1","ENSG00000027697"
1.05553313386604e-23,-3.70657366291086,0.009,0.137,3.20301529471651e-19,"EMCN","ENSG00000164035"
6.23889103992272e-24,-3.62809960488777,0.01,0.142,1.89319148606455e-19,"CLEC14A","ENSG00000176435"
2.39116360719268e-24,-1.54214000045957,0.251,0.594,7.25598596602618e-20,"KLF4","ENSG00000136826"
1.37747865051779e-24,-3.1137916577304,0.027,0.201,4.17995896499625e-20,"GIMAP7","ENSG00000179144"
6.87827289989482e-25,-1.95603604917112,0.083,0.338,2.08721191147308e-20,"CP","ENSG00000047457"
2.5432384814032e-25,-4.36277338754599,0.005,0.123,7.717457171818e-21,"MMRN2","ENSG00000173269"
1.72716797384316e-25,-1.81443412022703,0.312,0.653,5.24109121662706e-21,"SELENOP","ENSG00000250722"
1.05010806566094e-25,-2.67004778688574,0.097,0.361,3.18655292524811e-21,"PLIN2","ENSG00000147872"
3.5431379139249e-26,-1.9234973951051,0.111,0.397,1.07516519998051e-21,"LAMA2","ENSG00000196569"
2.15788137560407e-26,-1.38919033518321,0.236,0.598,6.54809103427055e-22,"BRI3","ENSG00000164713"
2.29253979815095e-27,-1.18405561564207,0.275,0.68,6.95671201748904e-23,"YBX1","ENSG00000065978"
1.88630304776598e-27,-1.57679837618226,0.197,0.553,5.72398659844588e-23,"RHOB","ENSG00000143878"
1.17502572445333e-27,-3.62280530521826,0.018,0.187,3.56561556085363e-23,"USP9Y","ENSG00000114374"
1.07794866352315e-27,-3.94473340010562,0.016,0.178,3.27103521946099e-23,"UTY","ENSG00000183878"
2.34360064828803e-28,-2.37688298696143,0.073,0.333,7.11165616723003e-24,"SPOCK1","ENSG00000152377"
2.09810958424469e-28,-3.49317002480167,0.057,0.297,6.36671353339051e-24,"FGF7","ENSG00000140285"
1.57032494899014e-28,-4.03945205735876,0.005,0.137,4.76515105771057e-24,"TINAGL1","ENSG00000142910"
1.12044553738865e-28,-2.13148422067657,0.112,0.416,3.39999198320585e-24,"COL4A1","ENSG00000187498"
7.25501852185444e-29,-3.92731634702821,0.008,0.155,2.20153537045673e-24,"CLDN5","ENSG00000184113"
6.27606694994557e-29,-3.45252804030432,0.031,0.233,1.90447251596098e-24,"NR2F2","ENSG00000185551"
5.44184362045168e-29,-1.60414584998666,0.087,0.379,1.65132744662606e-24,"FBLN2","ENSG00000163520"
3.11870563945242e-29,-1.35273178785973,0.263,0.662,9.46371226291835e-25,"BTG1","ENSG00000133639"
2.9102378346547e-29,-1.74793269267192,0.172,0.521,8.83111670925969e-25,"ZFAND5","ENSG00000107372"
2.62844657176869e-29,-2.275939308581,0.047,0.283,7.9760211220321e-25,"DDX3Y","ENSG00000067048"
1.8736547523467e-29,-2.82574536388854,0.079,0.352,5.68560534599607e-25,"COL12A1","ENSG00000111799"
1.79447695569265e-29,-3.32324502335935,0.046,0.274,5.44534032204934e-25,"SVEP1","ENSG00000165124"
6.15210063181627e-30,-2.82367401386884,0.049,0.288,1.86685493672465e-25,"ABCA8","ENSG00000141338"
5.71051968173956e-30,-2.00716438316392,0.199,0.548,1.73285719742387e-25,"KLF2","ENSG00000127528"
1.79431282429844e-31,-4.94773588826715,0.009,0.169,5.44484226533362e-27,"AMPH","ENSG00000078053"
9.61193926302382e-32,-1.63532533229037,0.283,0.68,2.91674296936458e-27,"DUSP1","ENSG00000120129"
1.70295200052607e-32,-3.11513682802915,0.025,0.233,5.16760784559636e-28,"VWF","ENSG00000110799"
1.30563987007929e-32,-5.2573570877029,0.009,0.174,3.96196418575559e-28,"LIPE","ENSG00000079435"
3.63097269273173e-33,-5.30930583240148,0.005,0.16,1.10181866360944e-28,"C2CD4B","ENSG00000205502"
3.15631377729262e-33,-4.21254155895313,0.022,0.224,9.57783415719444e-29,"PLIN4","ENSG00000167676"
2.83375299538336e-33,-1.5592401764408,0.32,0.767,8.59902346449081e-29,"CCN5","ENSG00000064205"
1.24839907643669e-33,-2.60840224009129,0.085,0.388,3.78826699744712e-29,"ABLIM1","ENSG00000099204"
8.60453151065497e-34,-4.37571244325349,0.015,0.201,2.61104508690825e-29,"PLVAP","ENSG00000130300"
4.98638943072834e-34,-1.66838050940804,0.104,0.443,1.51311987275451e-29,"H2AJ","ENSG00000246705"
1.44113070088908e-35,-1.97473869506108,0.803,0.849,4.37311111184793e-31,"GSN","ENSG00000148180"
1.43441671040451e-35,-2.56425312286315,0.085,0.397,4.35273750772249e-31,"H1-10","ENSG00000184897"
7.65059895337023e-36,-4.09768532294422,0.011,0.196,2.3215742524002e-31,"RBP7","ENSG00000162444"
2.06996250969205e-36,-3.20038827557382,0.022,0.242,6.28130123566054e-32,"NID1","ENSG00000116962"
6.99443162072272e-37,-1.19269642269192,0.64,0.89,2.12246027530831e-32,"SERPING1","ENSG00000149131"
4.35867012365781e-37,-3.54166854249286,0.027,0.26,1.32263844902396e-32,"EGFL7","ENSG00000172889"
3.07965273241184e-37,-3.70071910968171,0.059,0.347,9.34520621650372e-33,"RARRES1","ENSG00000118849"
1.94487967768758e-38,-1.70394206794367,0.753,0.945,5.90173738194296e-34,"CFD","ENSG00000197766"
4.27555620773332e-39,-3.58627942919315,0.041,0.311,1.29741753123668e-34,"ABCA9","ENSG00000154258"
1.05823869998648e-39,-3.08781507892016,0.064,0.374,3.21122533510899e-35,"NEGR1","ENSG00000172260"
6.59184732020833e-40,-1.60703798935994,0.221,0.68,2.00029606931722e-35,"CYBRD1","ENSG00000071967"
5.66621246186515e-40,-2.65842921494898,0.074,0.397,1.71941217155298e-35,"ABCA6","ENSG00000154262"
1.64393352826192e-42,-2.00491916515219,0.236,0.685,4.98851629151079e-38,"YBX3","ENSG00000060138"
4.38862878866239e-43,-2.66584668651147,0.12,0.498,1.3317294059196e-38,"ZBTB16","ENSG00000109906"
2.73025696031707e-43,-1.91628082461619,0.144,0.571,8.28496474608216e-39,"LTBP4","ENSG00000090006"
3.39991654900591e-45,-2.75035535493877,0.081,0.438,1.03170467679584e-40,"ADH5","ENSG00000197894"
7.84941152223237e-47,-4.40813392094587,0.019,0.274,2.38190392642141e-42,"ACKR1","ENSG00000213088"
7.24939927307622e-47,-2.0413867432339,0.259,0.744,2.19983020941498e-42,"NOVA1","ENSG00000139910"
8.20797122922752e-49,-1.80954120580802,0.144,0.607,2.49070886950909e-44,"FBLN1","ENSG00000077942"
2.60375964438058e-49,-1.21494540801246,0.953,1,7.90110864087287e-45,"MT-ATP6","ENSG00000198899"
7.30608836497967e-50,-2.13096211312085,0.243,0.735,2.21703251435308e-45,"ZFP36L2","ENSG00000152518"
2.57471203634106e-52,-2.29627797575908,0.083,0.493,7.81296367427694e-48,"RNASE4","ENSG00000258818"
2.43739786627965e-52,-4.31701306964784,0.035,0.352,7.3962838252256e-48,"DEPP1","ENSG00000165507"
1.65502673207223e-52,-2.42490699801866,0.131,0.598,5.02217861847318e-48,"C11orf96","ENSG00000187479"
1.36246011180931e-53,-1.35537164169233,0.905,1,4.13438520928534e-49,"MT-ND3","ENSG00000198840"
2.89959389683045e-54,-2.000699204189,0.303,0.826,8.79881767993199e-50,"JUND","ENSG00000130522"
4.38342805748983e-55,-2.6054468399311,0.078,0.489,1.33015124404529e-50,"RPS4Y1","ENSG00000129824"
1.2254599749978e-55,-2.86251543338764,0.068,0.466,3.71865829413082e-51,"GALNT15","ENSG00000131386"
1.20138198334023e-57,-2.37554460019113,0.294,0.799,3.64559362844594e-53,"TXNIP","ENSG00000265972"
1.12746802430058e-67,-5.33705082288438,0.007,0.306,3.42130171974012e-63,"CYP4B1","ENSG00000142973"
7.41085084761583e-72,-3.8859260767045,0.053,0.489,2.24882268970902e-67,"RAMP2","ENSG00000131477"
1.95313017861844e-75,-2.79972210073103,0.574,0.95,5.92677352701765e-71,"GPX3","ENSG00000211445"
6.02343010398525e-77,-3.12186513543935,0.062,0.548,1.82780986505432e-72,"C3","ENSG00000125730"
5.28360025352122e-88,-3.51144875851997,0.147,0.731,1.60330849693101e-83,"CEBPD","ENSG00000221869"
1.79581359275597e-99,-5.14086828087078,0.036,0.539,5.44939634721799e-95,"FABP4","ENSG00000170323"
1.45826018944264e-103,-5.93510275114357,0.018,0.489,4.42509054486368e-99,"ADH1B","ENSG00000196616"
2.83228360550517e-104,-3.1353409784082,0.109,0.767,8.59456460090542e-100,"MGST1","ENSG00000008394"
3.51241034731673e-173,-7.1512156791756,0.021,0.74,1.06584091989326e-168,"APOD","ENSG00000189058"
